"IU_code","year","v1","v2","v3","v4","v5","v6","v7","v8","v9","v10","v11","v12","v13","v14","v15","v16","v17","v18","v19","v20","v21","v22","v23","v24","v25","v26","v27","v28","v29","v30","v31","v32","v33","v34","v35","v36","v37","v38","v39","v40","v41","v42","v43","v44","v45","v46","v47","v48","v49","v50","v51","v52","v53","v54","v55","v56","v57","v58","v59","v60","v61","v62","v63","v64","v65","v66","v67","v68","v69","v70","v71","v72","v73","v74","v75","v76","v77","v78","v79","v80","v81","v82","v83","v84","v85","v86","v87","v88","v89","v90","v91","v92","v93","v94","v95","v96","v97","v98","v99","v100","v101","v102","v103","v104","v105","v106","v107","v108","v109","v110","v111","v112","v113","v114","v115","v116","v117","v118","v119","v120","v121","v122","v123","v124","v125","v126","v127","v128","v129","v130","v131","v132","v133","v134","v135","v136","v137","v138","v139","v140","v141","v142","v143","v144","v145","v146","v147","v148","v149","v150","v151","v152","v153","v154","v155","v156","v157","v158","v159","v160","v161","v162","v163","v164","v165","v166","v167","v168","v169","v170","v171","v172","v173","v174","v175","v176","v177","v178","v179","v180","v181","v182","v183","v184","v185","v186","v187","v188","v189","v190","v191","v192","v193","v194","v195","v196","v197","v198","v199","v200"
"IU_1",2000,0.0521486341607353,0.106192727626013,0.0426765543518053,0.120015076798831,0.0433157048232937,0.136945994260874,0.168882776109594,0.0697867285256514,0.126226016980343,0.0524035134018473,0.00794307343084875,0.233633441399772,0.0874883825527568,0.089663002080138,0.181021535821348,0.149678527026932,0.196489281114196,0.17519090361193,0.0968526511331364,0.0110362275205308,0.152954937943511,0.0866541991986038,0.079530927826898,0.0215531713458545,0.0597875865697543,0.129224747345657,0.0832527605928552,0.125997120015384,0.0868267623000816,0.0240403048458063,0.0632979410906915,0.0644842554540366,0.0864181950608898,0.228788465654016,0.0789321622381848,0.0730540160495541,0.163140082376357,0.14509568651408,0.049175783838214,0.0483074837744592,0.123588375205151,0.0825706240977162,0.190342927331696,0.127100660691426,0.121186808644025,0.0316108983859361,0.0660624273482696,0.0345743970758505,0.14668621595612,0.0809695906350285,0.0879153640716597,0.162157672081874,0.0931011626819736,0.0466820713361934,0.106653740076236,0.0141898623616408,0.103509646457219,0.135589763814587,0.0481947710494342,0.151796755332849,0.0386938676872387,0.0276256808759734,0.11625075141086,0.0617051950621559,0.0909947298699765,0.0968343066043719,0.0539751706572059,0.0550281503455199,0.0809609218559524,0.244319884250606,0.0202365691095309,0.149684134108408,0.120361307704593,0.221790456422207,0.0698609641531217,0.124151470517653,0.113902688674026,0.0563712010960567,0.24071166051136,0.163584063319782,0.145316745016624,0.0269313156588051,0.0547946667270865,0.0285217847656264,0.0600460173528777,0.0524463344216593,0.0942240542110102,0.0396054072505134,0.103927014343537,0.0507897318666311,0.195042652185504,0.125630505741839,0.0516971663772088,0.0606895340901708,0.0509759213510497,0.0760479920184431,0.0645698593702794,0.0688918066968309,0.0714211640612384,0.137721071261307,0.078060621795938,0.0582921952513301,0.280635425625364,0.075572499675577,0.0779099816016495,0.0834389428715233,0.0853690581080859,0.0880361245316788,0.0495076283046658,0.0686315088650521,0.0956776305774069,0.0540065748616748,0.142078546567568,0.0203628606330065,0.117731452801292,0.0199245132490827,0.0700589925529245,0.0571133458202444,0.0509088987107893,0.0865972304450597,0.0122469691663645,0.244011004371362,0.0170007475116878,0.0605859441236226,0.0320655818245395,0.0463446152613731,0.0922653031983475,0.0266415274948921,0.132752636988534,0.0894819173907275,0.0388788500040272,0.0211301225933828,0.0334721003275999,0.0524022348651852,0.0238375590715774,0.129999892500244,0.0525014297367363,0.0729474784376825,0.0227565090187714,0.0803186203408526,0.108348146650921,0.099446430271467,0.13350998115727,0.0851066576553957,0.0680423936094713,0.0882551988577023,0.176000124469028,0.215228861673737,0.0283127288728356,0.207501078246596,0.109481653718006,0.0216426255936106,0.140841543054847,0.079327489828399,0.0456676631179009,0.0624373570346241,0.0390062857553903,0.0780759645513923,0.0472010638415361,0.0344363466015435,0.0356011558511207,0.128582149198281,0.0652507750297884,0.12830603470972,0.0682292001425675,0.159113198074982,0.143249585590647,0.0898766918829682,0.139563928641954,0.0789422664017936,0.129522307513734,0.0641411154634618,0.0242299791301483,0.325185270095842,0.0695804679750325,0.0276361718123597,0.155846323818108,0.0875051806751725,0.0155833398506674,0.0910743246670032,0.0519611877229714,0.0676231179328227,0.0307049226796883,0.0682156433927994,0.0183111723026856,0.10740998213301,0.113528623553212,0.0367150019873832,0.00254557052619984,0.0514675432662382,0.146782770864705,0.086387862089122,0.083583438373123,0.14560026291472,0.0297316393457066,0.228164031657118,0.0904960765342026,0.164557792327402,0.109809103988295,0.0408986183408917
"IU_1",2010,0.241231086084446,0.0562535642880185,0.0729063361652083,0.0788229968831024,0.213978624985447,0.10203382057918,0.128066734301849,0.0856557482821053,0.0734194825486724,0.162947506433784,0.00591858448429349,0.147056593046861,0.124640851128014,0.0627159162460225,0.0647764886619422,0.0710941009834107,0.114185331103277,0.0628901680476563,0.029646282373736,0.0682216312212396,0.0384708354028844,0.0726981436703456,0.126705436529599,0.0420001793878356,0.103750531585752,0.1692614061985,0.025761883084858,0.127103239417583,0.0637236618324964,0.0485963944904241,0.0544229925189049,0.0361462218775403,0.0501428897426259,0.20086120286545,0.130937344483414,0.0647254295350631,0.124812470107546,0.111732546599263,0.0227097821195347,0.101881211939847,0.172782014875043,0.0870678301638896,0.0697604249869767,0.0344609252393535,0.0651019256380239,0.0975440156047548,0.146380471305713,0.035282992860356,0.119363855277955,0.218184749024664,0.0988827739247171,0.061103388503099,0.0507325100291292,0.0881650137021354,0.222924250628372,0.0594718461758198,0.0819565568664757,0.0264091726380315,0.137735387239116,0.272485903960354,0.180035507269196,0.0130126294419986,0.133413769273669,0.0668803415325544,0.105023492568492,0.0414978411983001,0.0684596943321299,0.0191497989152777,0.0660489278466012,0.285710973830119,0.068025471751703,0.168096918227085,0.201097639583672,0.0912503180293009,0.0669444828618902,0.0570392264666583,0.16906155484775,0.033885540344056,0.111924527572672,0.0707713254178347,0.0231742746886822,0.196001961523811,0.0771208163006303,0.17832133092753,0.160475872446771,0.125187852279577,0.0770190272888292,0.149970425081296,0.0301483655100391,0.0795414566199924,0.0121707605542543,0.0768544489255346,0.0043243942204665,0.0517065427283685,0.0624504573797853,0.0786048923929738,0.151986025459652,0.160619700371637,0.146469858270294,0.0548313288987554,0.0244225492765293,0.0648063304383402,0.114940043359783,0.0432050467781291,0.0857155368895721,0.0303411141913678,0.0902676548303391,0.101401582848391,0.0802162167263439,0.078974063719559,0.172346861211617,0.230994626837925,0.0391202644787998,0.104481185071007,0.0866250675734902,0.121565145962128,0.0124056103173023,0.152420662970292,0.227185564867465,0.117736087108845,0.0827262967628318,0.0390768125973593,0.0944558749968692,0.0479571566341522,0.187823642661259,0.223916523067782,0.0533030379349039,0.0646820607319559,0.0632281714888148,0.0655672420638835,0.0660972050302304,0.0703871200583349,0.0487673718647006,0.0648384921146051,0.157192790307872,0.233602291636389,0.0454023328496277,0.0581789527422145,0.141147359862012,0.073194769892116,0.0226109718810557,0.303084800146514,0.0481752622368043,0.0859932156699669,0.0150621695335744,0.146686625525249,0.0450757210950359,0.0514339674167835,0.0495324424291613,0.0103706332458146,0.138502364442577,0.020036779622031,0.0889915913695519,0.149563989195532,0.0766584131465513,0.192091726320307,0.0889370988486314,0.0511216581251457,0.0622339742682626,0.0895048352858007,0.185879464764527,0.108132041117098,0.00203030452936731,0.0243438834748237,0.0627817281133514,0.111044382185439,0.00651646255709199,0.0532321777763831,0.0462528876936486,0.0194668824680984,0.0219862395002282,0.0953675195951832,0.139477842900263,0.0094484330621812,0.0360243357143592,0.142586642550309,0.0611642038269795,0.149878259364875,0.091288069549596,0.115079483296957,0.0483806551355902,0.154005196827796,0.225616234719122,0.0436227703304563,0.0180104093838219,0.0827621336783087,0.131725749134301,0.0256933357409232,0.123567980720827,0.110736838479735,0.247603204898991,0.0887705688095154,0.0666487943920901,0.0310276440524202,0.0576844553599781,0.0663631391931418,0.0787832401970789,0.0345911768847587,0.0112931287164521,0.140096675559816
"IU_1",2020,0.0329357576962831,0.0406186304168342,0.0998931556852476,0.0323045568921159,0.11783094083106,0.032373503536808,0.121851013340922,0.0411201723353464,0.0970774984027422,0.0703132423116206,0.0298352984511853,0.0917874365024147,0.0732944413339802,0.240513649451184,0.0321233404596732,0.0386235317398621,0.0374172854368827,0.0946547337214764,0.0639407612203883,0.110550713812724,0.0628795104830609,0.124577721532702,0.0661340399499906,0.246801817086231,0.0469492736269395,0.116174852581831,0.0406496800536091,0.108390785107895,0.0872793353862584,0.0165854079679743,0.0803306323885914,0.244757406987083,0.161031058021988,0.102640229979868,0.0295435225995436,0.242505809286998,0.0972336850408193,0.0612341213237402,0.0455130319177645,0.117416698482798,0.150722422674492,0.069686132577445,0.0631034980192405,0.122615927631242,0.139957488842084,0.0923604548963448,0.0859368979906003,0.0486396628157821,0.14277181872096,0.0080996481471758,0.126450974875099,0.138040265266475,0.0748968636926219,0.0320240181686555,0.0644435861832302,0.0466712532886153,0.00663051724099972,0.179665227898311,0.05853999459661,0.0580302489011823,0.0288117237451761,0.0891770703369857,0.0540774331603347,0.0531181252426804,0.228137769776218,0.0734294248044852,0.0792487474691573,0.0521816087267289,0.193454801634336,0.0364020435360408,0.185324753771616,0.178683057723624,0.060362808061597,0.185195827689785,0.208002922581442,0.147410774089106,0.0114611166409506,0.0304307543641859,0.0240552250743111,0.104775324910933,0.137045243897327,0.0802856346686898,0.134851560858183,0.124798402047979,0.0458904468767108,0.0705350788696155,0.0809845060388405,0.292829126286848,0.0348317113246751,0.00922400744469755,0.0434986139260243,0.0621065127754835,0.0457999404975507,0.0676172123387268,0.141700811262639,0.143352965882092,0.0808565013279723,0.0313635904503331,0.0209005983735449,0.0749942653382774,0.109645375271807,0.104483919763682,0.120328403445669,0.0650102938390363,0.0234468257715555,0.0628052408983087,0.0702058866429944,0.0144279226876437,0.0733973800834604,0.0734426536897287,0.0729165827390099,0.014530788974764,0.162138812953578,0.032584678495795,0.0734962706462995,0.0689044069180613,0.285282890873757,0.0284197794233675,0.0580126037370357,0.0472260830184172,0.0924504117314266,0.0190614653877787,0.0484993100881179,0.134429167585753,0.0371644207421422,0.00564248705261054,0.0676521515802077,0.165347233061944,0.0505771567547378,0.0881288396173823,0.0185895712185404,0.185098418732371,0.013356916650096,0.0686691661586089,0.0729333458108277,0.0957393618283093,0.0226130116780704,0.112671280524127,0.00231347410391503,0.0910963536066117,0.139512333234881,0.0331391290191154,0.164217179264837,0.120162658395388,0.20618559805696,0.0423541589137644,0.0372903549054001,0.0148270737349344,0.0687409426847323,0.0251133041805182,0.161943158296455,0.0965835807257829,0.0306675365496958,0.245061186585693,0.0571611122030916,0.0219155750776958,0.147084569530542,0.0225217387202855,0.0341792158995887,0.0471394269048524,0.108655339504263,0.0362260944166328,0.0293307585429802,0.109179693926717,0.102626330257148,0.0338044750845036,0.0625267401125847,0.0507135154207291,0.0346944270591618,0.198411445610169,0.0852313888124942,0.0113840128320098,0.0461182645926093,0.133973524646728,0.102801246611328,0.147990281799842,0.0698409313537927,0.0483041197248582,0.0841731692454355,0.089829352731786,0.0318100828303952,0.0249618021038366,0.0202465832704668,0.0629023761530019,0.269948524926103,0.0740690942437885,0.0285362325809173,0.0684165557505281,0.0692705548802701,0.1015812483998,0.22799356101643,0.13716478716437,0.0451044754317547,0.0850165636006746,0.0371019391522183,0.0965327976323597,0.0203578335640691,0.187596314429457,0.138572324630694,0.0667982421218552
"IU_2",2000,0.214587485399285,0.363214550755024,0.166579099412174,0.17292521062774,0.302533064267385,0.21783770229982,0.361762000670818,0.240555864292396,0.398517228637036,0.31035391436338,0.0811787459082921,0.145076096942581,0.411351701036192,0.332749245467679,0.17428732086145,0.144272292527581,0.376097521257296,0.187058941919669,0.135954624033944,0.184249266093278,0.151671705702861,0.329972223204,0.148530737408397,0.372384610566541,0.348081095765713,0.199475095880247,0.258173965898077,0.149272037427295,0.247461221395696,0.276569646421951,0.477192277066849,0.327025932650365,0.411271213999525,0.273039289792936,0.162569584273772,0.227741520690685,0.362249455211991,0.431778152893854,0.253261951178345,0.173162206413159,0.383382039858715,0.272917515387265,0.223583787655327,0.38843155329304,0.191391842488892,0.39199050741986,0.184512276696896,0.298990524618515,0.357430905036628,0.14508479442781,0.299711531647641,0.248649369281555,0.330968471834604,0.188988943722407,0.250965089988308,0.275839503467387,0.348835421190355,0.238508375758925,0.169236944009407,0.258208125729429,0.153668534213808,0.061091501432769,0.394843803870269,0.164614620444737,0.370961621967037,0.258118195164316,0.204967169529418,0.242464677219252,0.220067900213119,0.337151198171026,0.294933909032929,0.337049400277423,0.330086697309412,0.237183884777308,0.345565952156542,0.117138457229532,0.120439159921187,0.309862126765938,0.242825016641531,0.366476150990835,0.288670125149363,0.267140627730072,0.277368771719584,0.275614742834097,0.150178804568303,0.139197118195802,0.257628617840452,0.20973072946174,0.208055388185683,0.279573181164242,0.2895506567479,0.168179746574838,0.172947826590745,0.234813129874408,0.217567224876651,0.274741727064785,0.362837482061513,0.289609503507261,0.294948572430778,0.305383697759853,0.329063244854529,0.169073258083121,0.229096661569069,0.176142578121348,0.190885890110874,0.175369215439043,0.222542420110891,0.230298740634196,0.34547945518001,0.188494264256381,0.230514936210756,0.295788594201846,0.428968457829788,0.25389367976732,0.117888448737103,0.282269020039679,0.247945534670362,0.293877107393875,0.202962309772766,0.218874564439936,0.213117015236575,0.277608570386959,0.276637800228772,0.360569693744089,0.291427000205153,0.22532704938371,0.176443649687248,0.326160671353136,0.25328400126227,0.277285554604122,0.38565863823362,0.175366185282369,0.468847080121818,0.182507706325558,0.285818244359545,0.281299620405573,0.233399977589345,0.428264526289864,0.199906338796025,0.329178286266043,0.257984317510048,0.177189823075306,0.401374865064403,0.0911051586143598,0.211304539872101,0.129442132759638,0.278447006849703,0.285618799718589,0.328056037812436,0.16895393149092,0.32902225686627,0.282881404367076,0.176617482972118,0.268554213376349,0.216827938837806,0.134881920922434,0.274253219377261,0.200828407751874,0.240445621458406,0.332565171122182,0.262756684845902,0.522349831498056,0.338301430015268,0.29445797395715,0.160864145784199,0.302217342406935,0.177756269716266,0.171041289577612,0.241399378829884,0.293928709871863,0.347695929383545,0.360504341464804,0.243029120722665,0.345456551273576,0.264923997189725,0.143569952433531,0.225250062379967,0.176941517008471,0.25526787910057,0.331011906485883,0.354261426109674,0.28260931033611,0.176986264698934,0.347600660487387,0.42120764143395,0.214131680540964,0.307981796367184,0.398350914239552,0.24819819760557,0.313622460010338,0.280488940179148,0.246508551182858,0.27584140904104,0.366927736277547,0.300859567243893,0.216510759247529,0.0815095107520393,0.257341502324544,0.065486971683088,0.133383630550682
"IU_2",2010,0.158734200056489,0.438223204982486,0.338524512692598,0.227353487028368,0.305980447837915,0.355741263219972,0.174987441989466,0.195931616101486,0.174776604608406,0.297787738790338,0.311412273213007,0.265534670417491,0.306833995499203,0.26652961822216,0.21472653910432,0.339715235748591,0.271930107556918,0.186752751190869,0.255409910836333,0.34367586363755,0.331052118449576,0.215091991087595,0.199040030499262,0.312274229258361,0.378158474879235,0.271098633166219,0.230111756782532,0.181358995782924,0.220658907586553,0.133836072136972,0.196651693765577,0.386808721879072,0.182174162878024,0.280113239902351,0.266001732745212,0.120513335441785,0.347301661947249,0.10286102070691,0.151963158957496,0.371343375970502,0.210028957856049,0.238923004683284,0.123487328751101,0.136236825329319,0.294669972631535,0.242779507806995,0.205670790567444,0.145179858187339,0.163783568308971,0.228924749794101,0.342768662783855,0.344116093663555,0.341456101353734,0.288772492238178,0.15152501233161,0.170843743795127,0.340015802059025,0.147165931662385,0.313923041588733,0.210664033583794,0.222509472817029,0.188907924337116,0.237661139263756,0.355623719300772,0.305745708386861,0.237448538644165,0.354713205080004,0.258646185138411,0.307584990799374,0.287047196445861,0.173405865574381,0.177590150174222,0.356143903454165,0.338889096635955,0.273741439043486,0.309228808235926,0.274170048281492,0.263325976025021,0.281407025724481,0.346203464661659,0.235736744280625,0.202602843060932,0.222864465257989,0.0765495796612127,0.423621084302593,0.38963999436255,0.190181271398697,0.139321432327903,0.23411655092124,0.108289568518419,0.186835231052299,0.275345131956451,0.352883411857735,0.186378761802946,0.247522877815028,0.284641158040394,0.174980956694303,0.124782664332204,0.107473943394815,0.317100062193902,0.253508964414441,0.245912134168701,0.299170963319077,0.281488355508222,0.261533653677157,0.202969755307702,0.408280841026368,0.221853983756116,0.329910551115857,0.275452335841737,0.335180154888143,0.22791950873734,0.258378873469069,0.247363140814555,0.380194319711467,0.190825093279747,0.297982398247166,0.283298646454464,0.16095618033905,0.443361186438148,0.236006720042272,0.277360881003663,0.300438077522919,0.172089278996729,0.164733056570941,0.254609938952961,0.319411544197939,0.266436614749523,0.334551221613179,0.292985319795021,0.315930492388369,0.139891347216052,0.331123076481413,0.188888661621998,0.216572915653453,0.249282065974435,0.249782065136205,0.218845047439493,0.194863573522454,0.208842351203002,0.15101202484992,0.239014013303088,0.0678408680898787,0.198611175719947,0.213465312002777,0.451866180521007,0.174697959647928,0.18205858177385,0.140294371463684,0.27697942665972,0.392714725738378,0.155749187349419,0.220090570350285,0.423956654581843,0.197753041517343,0.332123057841161,0.298785592938428,0.401692964878547,0.345366266682051,0.214607247397353,0.179441647376277,0.223215508843374,0.347701276580918,0.208009448543501,0.245719537922392,0.342511920369249,0.158863656918433,0.236950020506709,0.153888177739241,0.270676558193929,0.246690716403932,0.256027321923799,0.203024121589759,0.195634729993921,0.354895620775558,0.269520712628212,0.241633825130773,0.149709656854124,0.341414738493596,0.221761806899084,0.154978813180877,0.218892138803052,0.224534669301523,0.213452661515736,0.310472429911535,0.370007956899249,0.22862140437144,0.351478686412383,0.173148121218087,0.246063075951742,0.569053071993751,0.258025390684229,0.230831333974288,0.206290643279357,0.34243430946871,0.301224332236145,0.234820928055106,0.189804160551897,0.389542449369814,0.220477126068234
"IU_2",2020,0.169854029489843,0.401898153250369,0.110689057704122,0.230566140094177,0.260756722321052,0.218628557543804,0.122310397770492,0.20139644461916,0.128278954725759,0.106692756499379,0.333563128043961,0.359488502150672,0.240798485462587,0.239801025459587,0.336836720742601,0.428957246181873,0.125796630674965,0.278618317536616,0.227771408428032,0.408742828556219,0.363666733670111,0.410636310846566,0.232109241803685,0.343033676355517,0.288868087210107,0.2120818426685,0.275159805563876,0.254025464403541,0.314083610803063,0.298810371075792,0.195937815328052,0.254168694273176,0.252325947031516,0.231647153003709,0.337953837981528,0.300072838714996,0.210251586114652,0.164949786079301,0.351912594798186,0.270878883435282,0.308881562661411,0.23209435201638,0.12128077931836,0.265972229354566,0.135419082383202,0.172845211923343,0.145023429883883,0.225465789166754,0.426285769320867,0.244749852602195,0.2353391482158,0.148697290575465,0.265597262461189,0.376321493753901,0.416120621918968,0.182236358878396,0.213305673610141,0.32300651379758,0.258293098344287,0.286747674016476,0.146860215654855,0.220019506546894,0.177605034553871,0.177428831504942,0.194830788970078,0.221056246234817,0.258713621243154,0.326014853361607,0.212779005846629,0.18331054366428,0.464127135255503,0.37077367875625,0.333467692070071,0.173418947789072,0.403079323647046,0.290048104526353,0.324956738290518,0.265213191275238,0.248720815303918,0.126855268147953,0.338950488636546,0.550253691661286,0.2759707130599,0.24899769570511,0.277200399319536,0.300769491462812,0.387134947765418,0.256659384711864,0.310595626568151,0.397197881860647,0.254090304616587,0.199122020190684,0.304879226568797,0.221849449550988,0.326228160285337,0.293647261755331,0.416341785373308,0.174880517157588,0.155194644344205,0.456021493413968,0.281597390822768,0.177931905200792,0.165667086907289,0.209035777315314,0.321054215698945,0.211207124252723,0.420223247178275,0.283498768285493,0.278605046654598,0.257766967613109,0.231529216719781,0.243415936919369,0.393051955800018,0.144814299122697,0.226756126618862,0.338001180613696,0.253670902224094,0.144270812171457,0.294245713211758,0.201651828714487,0.388544196645646,0.185733925869933,0.111535164425106,0.183558313578986,0.207339557550674,0.18588344526482,0.236980313610932,0.205336195918344,0.22141426853956,0.292248776648712,0.158504925869167,0.34108271213227,0.259013120610244,0.255593411144278,0.0945207695444162,0.231199468423772,0.208751806237905,0.351849046238425,0.427732888935958,0.403776795837027,0.162503005414966,0.188367425641854,0.250726008099613,0.166800132013465,0.124782523363254,0.344895613387998,0.265880311608183,0.32380712219309,0.155392048296949,0.227671816833102,0.157903265283887,0.185594448221214,0.281998806799997,0.186791615129497,0.172144326158486,0.147335330299023,0.182828350815263,0.200185103738435,0.162516472371745,0.139692916040513,0.244998626255961,0.222896997559826,0.284344611832525,0.23287444295454,0.354417226207323,0.336242582855204,0.379130602931211,0.283463578816366,0.387146623186755,0.251951128137885,0.36277733973262,0.244316173212847,0.197989126666226,0.15405249051668,0.195672730422232,0.192327669315062,0.319410626702456,0.254271352110078,0.202339977334883,0.17990617600423,0.447036785883733,0.237056624528367,0.15180279352307,0.219712628908348,0.268351567144258,0.350063663627634,0.251159007589224,0.270185466935199,0.168427103529508,0.345520132914123,0.269003309802952,0.338270798257503,0.276890224342317,0.232888922534252,0.190768028229466,0.206962332731103,0.178550748259443,0.296690156407454,0.134972360654726,0.11455024747059
"IU_3",2000,0.311738723738272,0.490206369732686,0.386969663499292,0.328011415839125,0.443077478874212,0.341462566799923,0.363932858459959,0.382091860148863,0.490744665395989,0.51455703211863,0.477784490165654,0.407550588884396,0.595801126279399,0.520400241768021,0.353946644944509,0.276596522130927,0.393884463987904,0.322277506512525,0.402062513047201,0.322721408952353,0.471102296545981,0.47603373395404,0.450951606440436,0.378622656160593,0.367327434636118,0.526528277053503,0.552917340715439,0.390664171976271,0.343498124888353,0.420608128733121,0.251462507316201,0.252698189885543,0.46939755714039,0.397920204305592,0.349261100998759,0.312569217054377,0.381151738593113,0.380287841019864,0.399261992349826,0.387087850477392,0.324155519927727,0.40040883703763,0.442816117708972,0.542379559100985,0.348707242516667,0.433810332628623,0.425418402259754,0.30460604472446,0.297676209135024,0.296698913234426,0.474495336676612,0.349532537319309,0.270996313257969,0.260796134213756,0.189585575397757,0.291345847852836,0.477126922093735,0.319858902644061,0.358420145286584,0.286252734175283,0.347787121948821,0.319102721628583,0.332746412673403,0.380825397542617,0.382994449509506,0.45277739402724,0.429223402429769,0.454795394070451,0.387887047291061,0.298619095404422,0.419807614825765,0.416026515708042,0.336544356421054,0.338008084199128,0.49151365749078,0.38614297911896,0.337614279619157,0.563490822911908,0.257231123177026,0.288714366741256,0.463000014420153,0.287450366433155,0.285967680682618,0.429148627316481,0.357533808987854,0.46772965307887,0.520480880681123,0.365036025322872,0.437216881359078,0.203923294684764,0.349861242596246,0.260430939149681,0.395027625306558,0.373646565227876,0.352471012202768,0.356929434009901,0.474561297373675,0.360200534757646,0.592112139366623,0.19394976282143,0.410576505797412,0.63076821263828,0.267512440481842,0.299617996872992,0.337114140281317,0.383921999359951,0.352139326066406,0.331049116964938,0.602635761747249,0.386893411489985,0.491137320184905,0.495527593645017,0.329106483722642,0.353453381892885,0.378998007642762,0.484722082347322,0.434295285712491,0.359791510964763,0.34707774535057,0.240377657565163,0.171828523463026,0.372824844301476,0.401539161409493,0.327191294487718,0.438901910068512,0.422419907972756,0.342484432029191,0.379813326537626,0.516167481921004,0.406050279353349,0.457565509334439,0.423614837382637,0.384969837557607,0.281351141681671,0.331192278708901,0.398329071739116,0.349226855710462,0.35871777582904,0.442567452654122,0.301566869253393,0.418348164467545,0.486142513726564,0.34518246864556,0.384107182255607,0.410443640817528,0.421724524732287,0.289208718586448,0.324710809215129,0.421887305320036,0.350771694074219,0.411574376634936,0.247387948211076,0.500817369727757,0.19351440783209,0.279973773992474,0.443845743047456,0.498421839414174,0.210345462722887,0.435749175761969,0.408784330303089,0.371591442452704,0.315612067438276,0.293992684391898,0.389816396803627,0.505053464007631,0.233790052961923,0.275617688050375,0.260698518014993,0.376691704366799,0.409042295039116,0.376231890044242,0.292344673505877,0.408900939805644,0.3579709105022,0.471122192724233,0.404671004351395,0.44565767575285,0.407146198647745,0.415555467749124,0.452936828698448,0.15805292153641,0.426932695772121,0.247337313801506,0.410969197209169,0.518639287443598,0.332334566033523,0.298496759158286,0.36668568823099,0.55429325437159,0.384835177900921,0.389519321768744,0.323104785741012,0.324868216193909,0.3615515572719,0.224108059196203,0.508492783066064,0.342976096364896,0.373311814520994,0.35192355523231,0.204668545117079
"IU_3",2010,0.620974503574884,0.269273722023497,0.420009422884778,0.484137451737596,0.356208911618565,0.397297536310638,0.270700268670612,0.475023457631599,0.405869247746321,0.384830113615912,0.451644235892423,0.305615446388655,0.423077675979935,0.281387735434522,0.420571569345692,0.371539901578424,0.328369474299667,0.35386129540806,0.270794319759873,0.381163887864521,0.433858102560054,0.326214301039397,0.298083574250995,0.432308623962188,0.407987209008262,0.354740145386231,0.322666468446413,0.400396685266659,0.244659356170421,0.235308515362484,0.237950810251766,0.340536481361186,0.456356250675574,0.447975558100608,0.321345428735242,0.531948850981615,0.266560810706327,0.328146066709473,0.305564948860038,0.390551242072754,0.208577790051965,0.502399121785867,0.477620676523239,0.36709630757707,0.498902263102522,0.423691594660375,0.47543707238556,0.392384140624931,0.403796054928201,0.174165736175243,0.323893135689465,0.481875435511191,0.384855950708701,0.259614473413911,0.284326434486298,0.322224755266007,0.357761022834342,0.313866994119439,0.176112807341207,0.507019555699475,0.294440492713624,0.559191167918595,0.343576347813402,0.32687234487779,0.384332300027368,0.363436443171139,0.230901730611175,0.231677685500062,0.307880970172521,0.460513738397401,0.301226599091753,0.308024144373924,0.598755396302251,0.303386991829549,0.338963745837153,0.450966958300849,0.557786791979286,0.397305207698428,0.336836407073954,0.44545124781805,0.371042203713002,0.504802959092991,0.516579015982482,0.331025150902593,0.258940736599898,0.475949273795926,0.44563859237791,0.327339533417903,0.374212695033075,0.540423095006917,0.47741065894264,0.389478749561263,0.456156034064698,0.431111652416105,0.372352346888048,0.292002813294084,0.506274775551595,0.341484194830895,0.34685928882116,0.399874333797008,0.376113484568448,0.334404290261106,0.436921832549622,0.508083426002405,0.254643477810173,0.313320039221277,0.479826294013479,0.375495037740972,0.45639124970686,0.321529820173089,0.395956122850969,0.477554710001403,0.352569747085369,0.462844079949303,0.441391680415695,0.405525515992011,0.140163381027221,0.348370078995157,0.322540911015631,0.465941393251987,0.403920055763656,0.318331791121262,0.359896120691486,0.393016521768017,0.279155666169344,0.310567479749586,0.257326908036424,0.229331797199252,0.325163008226721,0.373208542082803,0.226150380259205,0.421723162821745,0.311696707136159,0.405692876059238,0.38890781386093,0.3393336541906,0.223313756680207,0.524690545757611,0.340595230855323,0.236927003912425,0.540364553071989,0.48923098512016,0.303266432654744,0.44791304800659,0.433630869075374,0.360896810460907,0.543705369018275,0.348266486758198,0.617681751986581,0.26180319913816,0.518329802172555,0.325213073090531,0.410063142634617,0.368087526615279,0.362194685143915,0.366512057249121,0.378047854722357,0.386053682437372,0.392039549183824,0.369837748710962,0.334552055003237,0.395368560710029,0.47940233913691,0.458936942912129,0.479762773622161,0.574731950754891,0.410346952276389,0.390205551367398,0.549863010282906,0.368818741546715,0.279611388866562,0.290510401919204,0.312947991207343,0.239046592065907,0.318645312577941,0.494376865971138,0.336575229639839,0.411676746452463,0.320392525806567,0.501620844999764,0.465211128620906,0.472240738114015,0.483129310074036,0.4369936540104,0.436482848314329,0.29051076107707,0.420085243845809,0.339269727181022,0.449916780649266,0.461927108296506,0.249228959579013,0.282597619885911,0.319285238297096,0.321076708897421,0.440279795050263,0.352271010561486,0.346463189054269,0.50298086028823,0.36793302915424,0.464509102916758
"IU_3",2020,0.355260423030317,0.333717957162443,0.357510046594101,0.333956715340836,0.334566036220538,0.356141397216967,0.397975581737606,0.322092345140906,0.269643523519407,0.22014864753709,0.338033016612847,0.573306344573792,0.321970724438643,0.314625776836249,0.188898607031542,0.388905539584788,0.442527470294358,0.329480963047024,0.502258916597476,0.457996506816782,0.380175003130639,0.264506794964995,0.406931686861244,0.344362789328853,0.291165649839335,0.389767164687462,0.433416477892342,0.367367621217765,0.462856151321004,0.320796508512863,0.403221847998543,0.49784940548224,0.388613389879054,0.383648500983502,0.259756189461992,0.451758413297294,0.240757826467881,0.364181651964389,0.404982046475076,0.341223311857035,0.294438415714769,0.236419614161639,0.400986276795564,0.287458083516841,0.364259371931222,0.283678129215397,0.359352603785978,0.46414505406446,0.376753324920476,0.388387533647516,0.556131092476299,0.364285276742459,0.403113020462238,0.377979972828109,0.303029678473827,0.259108607102869,0.480507431667148,0.372917422236584,0.473872359908445,0.289038590863004,0.390916852454341,0.473628495606022,0.467208493408277,0.487362039198015,0.316590947986199,0.409921455244799,0.329791384542752,0.416993847322324,0.262963363532951,0.33841725468982,0.236564212894354,0.379440894220278,0.420128730052102,0.380588634122982,0.314434732378686,0.352140536973702,0.353670462097023,0.206241501149422,0.373504332885847,0.446835296000222,0.523512752608523,0.343495539500014,0.411003685503811,0.20125438822946,0.467958744418649,0.306874640021183,0.197098246212615,0.497774324578665,0.327189253277285,0.532979843254582,0.373130050546528,0.314493008675324,0.42488737336057,0.369378957673918,0.315607205034655,0.29034761511327,0.285151512680608,0.431277459547939,0.354731383749317,0.278698974525997,0.243224520005774,0.241705526079378,0.233055101001205,0.444871187328608,0.35232280356324,0.613410829972346,0.439162652062828,0.562914815705894,0.425351583107655,0.462484224897647,0.421660494108014,0.336691301537571,0.471362547891889,0.374220666957245,0.484203214167497,0.299347705465244,0.480726149414904,0.345195851065662,0.291146844990289,0.192226966712662,0.558984671224489,0.427082652696268,0.369609640341252,0.445987263729921,0.380194269362824,0.250871782353014,0.173254929621088,0.355048677480375,0.345118937707007,0.274872294500238,0.416497097273824,0.344866906608668,0.460245806779259,0.315711679375199,0.292184668719226,0.38898713131362,0.532887072451212,0.210154632437176,0.295742490294902,0.307191728229098,0.412157069599594,0.330865541728865,0.334387932725403,0.276459110576669,0.453919393088967,0.304411084973065,0.328743030671639,0.341315214119824,0.368988914208913,0.558972902344912,0.614819520391284,0.198696702378374,0.330978341275649,0.485305281812761,0.345965491773372,0.406399268773585,0.313489819747787,0.197313358870431,0.260730694913791,0.349967397035229,0.464950316620907,0.446658183323559,0.22403628644851,0.3171318906514,0.345072164700436,0.287750965576217,0.350451510874695,0.240640781630837,0.436759371903089,0.398714075740139,0.517269525512166,0.34306361744722,0.338342718602041,0.334890224566191,0.284328469214557,0.399472452815744,0.263408957850418,0.424608089014927,0.357940738879715,0.454583380568415,0.510218972266725,0.335356714941127,0.334084872253521,0.370507592910097,0.312564848114194,0.368856983079034,0.465123297588938,0.412519634791753,0.531645060923124,0.354958492078498,0.436588532340833,0.277203677905479,0.42479562335258,0.282859439793968,0.365898485075237,0.322395891247419,0.351468654141861,0.312922521726672,0.281921811637531,0.394227160511053
"IU_4",2000,0.343930198705818,0.4331441696194,0.431729448255089,0.400185217466228,0.63988057562951,0.275416083937442,0.462344363869324,0.344677271723994,0.331270583919348,0.455235785787674,0.695193323375118,0.602368003671306,0.476469676427501,0.398834149156387,0.437813722885359,0.37604004548818,0.329586008111534,0.405323733752939,0.565457813991343,0.511994815353803,0.434392159422717,0.56610078222524,0.430489479229007,0.396082672983785,0.464279295155577,0.393496480413866,0.426698254822622,0.511363007872476,0.583041272484713,0.464037480540836,0.417334708912414,0.521796386413144,0.316332962344869,0.607734450892182,0.438988899579818,0.378198904864302,0.421208441486771,0.452162879663546,0.432975192437868,0.375110275034332,0.307042400094914,0.397380190266906,0.485363898835531,0.518575360963832,0.350466369839625,0.588203678234057,0.508570268587604,0.371457938835839,0.449509811307637,0.422532564027942,0.587212636729134,0.444351354615833,0.528914185682974,0.431837674113316,0.454846856085729,0.37884418267759,0.413377747721073,0.325627459502788,0.42023418348276,0.425755069545574,0.439328622457352,0.47292198739921,0.549096643524728,0.432868933466641,0.600926462719703,0.46443560643579,0.457866965062404,0.409204721206215,0.668791772570071,0.499243075146413,0.367781358359519,0.576957848543139,0.500776454549317,0.419795430055757,0.424570593562649,0.544935641881962,0.359059730866026,0.497620115149683,0.530951395502955,0.292059168578573,0.477310314660824,0.349435749162448,0.39988251853258,0.590062287733217,0.556594384636509,0.441594550187188,0.371988272187684,0.488383304816994,0.546722688525248,0.496980704189444,0.46646814262119,0.562678768982394,0.547830469761183,0.536870989812361,0.393275618564654,0.406917481206803,0.44189317804122,0.40023919538534,0.403411513636924,0.384062677013979,0.403185082368239,0.467508045692748,0.43783164991612,0.584549377357155,0.31549719506587,0.355876331435969,0.45676922861699,0.596464536748284,0.424504160136848,0.386879680818495,0.584720682576653,0.488165014894644,0.420780162106266,0.45598064224642,0.576343289197934,0.449701756976609,0.478261643301859,0.533967667563822,0.409251222677723,0.457456197898731,0.580144132308924,0.443425740426156,0.522399158740712,0.408717860021848,0.373517572316881,0.500408307902818,0.42389315791536,0.540218343765292,0.551550910163865,0.421511208229788,0.468798058269956,0.54822298155378,0.606637612807438,0.422791428597885,0.414769176435148,0.430261364967392,0.578807104136251,0.389339796997779,0.399180338130543,0.435989680555065,0.335836697761291,0.420208172060434,0.422576726133255,0.465001434979259,0.524042350667403,0.619321408107485,0.537076313829701,0.338390286035005,0.61181174520758,0.536640535477464,0.46543719703628,0.593582662452577,0.510480730011388,0.445235565643899,0.405483035295462,0.544719783609551,0.445159616032595,0.352894104998358,0.2589891322709,0.480148749132823,0.447649228017204,0.43363991121948,0.498836350574872,0.486881299378947,0.527851392603878,0.477333653351021,0.493780711044448,0.448987459332341,0.361864092272006,0.482955402345069,0.54840708792703,0.41864780219594,0.460546300329171,0.385600471649852,0.435981176417843,0.51309699559098,0.522737726728216,0.370386643210317,0.460893804678646,0.481075834139827,0.43068041116781,0.478570657476665,0.398734577941484,0.3502838528545,0.509087991648433,0.599180461974655,0.4763188758843,0.453057195784977,0.432273166731426,0.601453777159568,0.566972622341624,0.518385714778008,0.484959499425172,0.506403574586042,0.483963993345557,0.345582994639563,0.551477388644743,0.341971660848621,0.375805584719767,0.393533081056189
"IU_4",2010,0.452984375361927,0.380115018408009,0.474010316880641,0.529686885043775,0.294562741442289,0.504296166466247,0.466374029455248,0.664282281464596,0.506933193463276,0.435600174295039,0.339283168243989,0.463789209966535,0.576632679484129,0.375787688432869,0.388165116342639,0.547813389004115,0.4327280593242,0.414356308454747,0.434364938345341,0.56763492293808,0.464885451473425,0.483524315620106,0.542962364770971,0.579573345556896,0.430579746427181,0.450022232259368,0.474973767118892,0.502272936945787,0.41304386644442,0.480552331204806,0.39355946084363,0.492459292553681,0.37062315479001,0.438011128630727,0.427669399329119,0.394623323908943,0.514704035787235,0.468907379433436,0.478665051752969,0.407495862667448,0.384632254836519,0.49376210860609,0.458917115938009,0.507600834851419,0.418094634192795,0.344483995610367,0.533019756160452,0.467702895344939,0.45032371776932,0.385265100062361,0.504743913082985,0.370191091872779,0.506393066218263,0.582314830549635,0.550957694841019,0.471227418179236,0.460376417807941,0.546600921169438,0.495277236768208,0.334606813535792,0.428212356872513,0.569873932597138,0.549662095285761,0.367348648583338,0.397150304917412,0.424879856799696,0.555948824130224,0.468922028031254,0.512239254064052,0.472668584157271,0.508210301183979,0.525148736388789,0.462050551152067,0.444222555481945,0.392381269629168,0.337316805156692,0.438888501916349,0.461986577563334,0.575382002749967,0.426549762897748,0.549565660940037,0.357046593416393,0.470562766526086,0.503724773196366,0.293943195771157,0.576929029411365,0.395535479939376,0.341286484373111,0.421380729718561,0.538540226452823,0.407432139025839,0.342891762077694,0.428654439563523,0.460030437003443,0.48238990036272,0.501408103793673,0.436841754204022,0.452398843461423,0.569431296170212,0.382171264485978,0.505592363153924,0.461177668139452,0.549198351976157,0.564447702251922,0.431736423072157,0.561123804643681,0.526858806871016,0.33857921939284,0.37209440975205,0.596893604292007,0.416822215575981,0.590423933523821,0.521899236864266,0.35846773494989,0.409546654314064,0.335732898777255,0.477121642616833,0.578958691507003,0.486552184017964,0.537425608971558,0.438935412083199,0.603814482406466,0.477063365228151,0.367265007738443,0.452226438598911,0.546168288586258,0.320431241624084,0.452856358540597,0.385214620484402,0.310051305071606,0.47498696749718,0.507795700248048,0.471082194622522,0.30627952836666,0.466221802580848,0.597095034317485,0.411595407265705,0.613098569154815,0.611172294441547,0.537406036392525,0.63065055258341,0.557998318040805,0.509055658214889,0.524796347600204,0.46652693102386,0.381244377749524,0.44559333804416,0.36583250512029,0.579524957667793,0.443596088528115,0.331996996927439,0.472585744788007,0.3363417902461,0.332147788781226,0.28233243572531,0.396459839143787,0.415675848657336,0.55930299421198,0.404068380982673,0.573379521413875,0.332072057132687,0.372709905056175,0.35812089208125,0.404881851456252,0.448804271867341,0.392444400786619,0.459764630793714,0.555115898589325,0.551601930566573,0.486788828944835,0.443276987055645,0.462711884755734,0.397524759210559,0.383340658160554,0.470755239877186,0.465509220582925,0.290843551854922,0.37175380542099,0.588534226406044,0.404764266889941,0.511778087204137,0.441463920947509,0.39550465410142,0.467117470396675,0.475061595071044,0.536495376481748,0.43987131740103,0.379806664546001,0.335805593989959,0.461630003903943,0.561354461949291,0.412592849876187,0.520820407752261,0.505064513506869,0.344890070527295,0.45918483418775,0.621359660995561,0.366125488515647,0.465015115037001,0.521749665646208
"IU_4",2020,0.437941430204217,0.530493021325088,0.510401400898451,0.381469550552722,0.471957885109672,0.433201640862382,0.503238177696691,0.354953629970387,0.449502052820108,0.464108580970783,0.488435106418848,0.476063008449586,0.359576208223309,0.368042854674773,0.407452978421366,0.337208132790091,0.466049720260013,0.422303972092371,0.441388042164897,0.423127445212805,0.451134162638589,0.441614478843518,0.400781689106438,0.425125071624967,0.391282079206331,0.383570898790059,0.514931737529636,0.410188875649405,0.607844004471583,0.471142748585747,0.543803315592137,0.415293092360291,0.460903989043255,0.5704068954754,0.452493757246586,0.418436044941741,0.483657755775322,0.460693353064987,0.368995436793606,0.629660717203074,0.438683843291914,0.312870725867582,0.509284837604421,0.599106240230738,0.569813951212087,0.458409301430876,0.550240554678563,0.534715325637625,0.467511117589536,0.462493991026269,0.617391403951009,0.216780758510091,0.474985399206678,0.422208103854051,0.288752812041779,0.394962697586242,0.446563970701944,0.417084336140192,0.524689127315389,0.354537827316058,0.510450635501415,0.533944538157884,0.346380457427575,0.436634052998952,0.506730267524015,0.547123314078875,0.641491677739109,0.471234881871968,0.484210452651805,0.564852714016717,0.460325867243584,0.495372534281968,0.410109408157154,0.382681843407823,0.455148259699324,0.407314860457002,0.534618466273349,0.399340899516469,0.386756560261365,0.375061678288085,0.570019016811274,0.423999065584727,0.404454443524246,0.447914686586819,0.414805690114655,0.631291778618638,0.524567757331695,0.391751919294501,0.487607133250073,0.483430492654378,0.569637235711315,0.430826805273347,0.53841766038113,0.575001816202285,0.456123002005762,0.466048193525696,0.58137351805264,0.486072422270995,0.479510336270207,0.597086143410485,0.544719009979607,0.461079396146608,0.450189553995413,0.570136285287659,0.412146487953128,0.485031329574807,0.401735611950083,0.449161858019391,0.448922344367437,0.34706957239999,0.443250184234566,0.411204469069087,0.43905037903841,0.408245755894535,0.418920210685222,0.406863690496412,0.648947396902677,0.515908589816338,0.487760830696856,0.636891533863829,0.375919833862161,0.51354865795765,0.3642484418291,0.414867874568148,0.507536118869452,0.407588863768216,0.414810229104974,0.391445949197903,0.455920942613686,0.555574390571196,0.419029668639252,0.54980137770311,0.495274170112876,0.431601044050996,0.365043967781373,0.536923763651407,0.606644650803553,0.240215860747544,0.422002684692282,0.504992129900314,0.440803768194636,0.425295447885302,0.531902797173051,0.477827071059618,0.417410353752768,0.373211178670923,0.449512637735029,0.345226284277807,0.523819391460682,0.470247387911953,0.416332263606929,0.336343423467394,0.552350167616879,0.481076627138897,0.542267971366658,0.601159111768564,0.458256278808274,0.478245048210458,0.444872500365302,0.539130454837104,0.351000002170796,0.480955777499437,0.461554375978437,0.436727727802824,0.458985584037366,0.369081521474987,0.457668605469342,0.349742585395521,0.444957927947883,0.40375494207301,0.444318818095864,0.395914707385554,0.63033353925281,0.406483797606916,0.456182409762642,0.422771030160996,0.527413791698454,0.585091212244581,0.426505739037468,0.362973744880086,0.497796605978724,0.509306623862648,0.425918168265698,0.524148150953307,0.478352178872138,0.337039833724199,0.517159891231937,0.345968267129078,0.591192113917924,0.494430732069894,0.627297291617216,0.45063044169462,0.308516100795162,0.326171622396532,0.587116513600409,0.403157497576424,0.367426993534359,0.487638856900465,0.435744686360935,0.358744578353184
"IU_5",2000,0.563155163812618,0.492760837847423,0.554199434326238,0.536507098542178,0.563301236365597,0.503301762641249,0.461415005639861,0.400340112102719,0.669285504144148,0.504760539922559,0.545843713681941,0.427941192596211,0.52449250727017,0.486170571766139,0.427603807722399,0.379739248707814,0.627856611680807,0.550272819983308,0.33770587233814,0.511451428064125,0.515772274878262,0.515207239997702,0.405673606634961,0.43243077929786,0.725708971600867,0.531149302468585,0.456302006033602,0.460861134903843,0.617300123348974,0.501171672513939,0.523956037598554,0.629680637679969,0.355246057537603,0.459839739747695,0.459866468424448,0.552474678121048,0.535150897815024,0.571685958066483,0.640018548912554,0.523760544795842,0.377334471047777,0.489726193458306,0.551211631887694,0.453075982620668,0.507363240420687,0.472133543001678,0.47841221204166,0.538607774987717,0.429089095049798,0.495704496146813,0.468297303041493,0.329094555783243,0.497264985598119,0.327243951972761,0.481530925305404,0.475687830718255,0.544040183012452,0.72048538045151,0.626965491212281,0.539461805244613,0.622461115208824,0.528012233164525,0.57618958884877,0.514267381144303,0.484253373234828,0.480592319325972,0.519440095136853,0.465705597784203,0.476897063340155,0.454958821010998,0.433778929240937,0.428862892030861,0.518778010925376,0.638203830662955,0.786131736866055,0.563023633927574,0.551494283562082,0.544912920701406,0.498212639690748,0.36334486574367,0.360460718571938,0.440960669846068,0.503529122637109,0.486732189760448,0.527970647939124,0.671382050800632,0.414636011602797,0.415895463561226,0.568006064257428,0.472686561828753,0.480464772116905,0.668687312261691,0.538415140687131,0.490702725823172,0.488435684361539,0.578837365377919,0.339596122251337,0.342697462874492,0.461873132734727,0.580155267519815,0.607127739225413,0.64175351843065,0.479982640690445,0.658115729704849,0.631867183624596,0.46327556756851,0.488032876416436,0.419484746899367,0.479607472080595,0.529637409599108,0.485138627846744,0.514263803782972,0.507323052034235,0.453993338724163,0.52785283914132,0.515472143474041,0.645292302118085,0.475359512056541,0.704183677814921,0.505988837205017,0.487995504109403,0.389863268299718,0.440328175378304,0.430740305246118,0.370997219291926,0.561790139224445,0.582989749814221,0.460277446131389,0.524861762945795,0.407206427030606,0.565453736996428,0.607605185736093,0.455896633482852,0.54554870172581,0.425385641107611,0.466792332283175,0.543600504234391,0.5084693241222,0.491500618146387,0.629043577169481,0.574543011056229,0.497807041575888,0.343051263283294,0.451585159038723,0.480824785028455,0.440210114673634,0.4835051629766,0.581029397982929,0.41169139072325,0.621145462517225,0.610629522179242,0.496422448235909,0.573915314931,0.42810230975358,0.539566475099487,0.48105304471035,0.655338844739441,0.618811236418767,0.521679272677432,0.517904504435348,0.411235862164337,0.535430771451365,0.483835296915393,0.492116308904476,0.489475163922443,0.558852172594931,0.511979903461098,0.538512507064443,0.556305762996814,0.646402695330918,0.53264228701147,0.575877653313846,0.542581367759014,0.517259318381421,0.466557550560191,0.540965557398664,0.405793018650322,0.550557136499446,0.477778280658643,0.417051853384817,0.53188013720991,0.566893482348082,0.341767189840864,0.542312821268365,0.419650162160623,0.484898510915772,0.517725871684806,0.460012186285649,0.576789962613667,0.556092616668226,0.570472905981038,0.631687317951566,0.475565200280941,0.455126284236712,0.540045285614152,0.543754267719625,0.367944996987079,0.73233854954063,0.620314766755347,0.457904925187947
"IU_5",2010,0.489902713282708,0.40345899259657,0.594763052847039,0.439562089767848,0.348321216690909,0.528721474174968,0.479556919599886,0.486044454579256,0.638438739902433,0.494748127369739,0.535916178511728,0.588485308807949,0.551913352606305,0.616316881480696,0.519045423922984,0.3773686952368,0.43655684880452,0.512226844160054,0.61611057997382,0.685400307897126,0.613145912341137,0.398077889919187,0.690407528028513,0.491344856370461,0.520159026320415,0.535348317536201,0.525021825500389,0.555694158991686,0.532951313813435,0.376136274001278,0.484856887942994,0.562074874938513,0.654031891178503,0.528929539689195,0.506035996177611,0.457542554850005,0.556716524899162,0.60251993412002,0.616363149505877,0.282285233890279,0.474239033066842,0.562715619940041,0.606831865538609,0.481604947278895,0.503119417976925,0.645702745469206,0.533147308557248,0.472735184946751,0.483885982692737,0.50689333511226,0.424676857411351,0.516957337508825,0.434202919270797,0.615405168026625,0.360848579293937,0.52762239138776,0.487916623425668,0.513776310210755,0.539144396372314,0.59853346438627,0.560659308182828,0.523813258522697,0.634412569765731,0.469235260096783,0.471364935461036,0.397327051357975,0.597915093941421,0.432669791319476,0.441103571347968,0.536554396442005,0.63801618826507,0.545863710623351,0.363893762653229,0.459465245855802,0.471263279313292,0.522408231092581,0.469366394119423,0.625796494770512,0.565371987780415,0.496185858544625,0.509524117504468,0.437212208158106,0.535204516502358,0.527874813925963,0.518928608874313,0.640003654621786,0.603153538661912,0.454705875399775,0.455271283480685,0.461441241791608,0.47625517353032,0.420181758601945,0.562049288864635,0.392438307840468,0.645613811581053,0.558279403483303,0.460914060870819,0.53390430736715,0.565844310774751,0.519560201674644,0.496574644683322,0.524193899910559,0.54080565034799,0.602715487951102,0.41351415156576,0.519757364688916,0.500945017670108,0.360061972287306,0.376545725508417,0.55186544942156,0.465020886656102,0.366895576086817,0.643610455420728,0.648237823814995,0.513065239851086,0.575666523710547,0.407895455994724,0.678886933875599,0.44821334530391,0.490000716557086,0.30974456964413,0.505241498312966,0.619205972522551,0.50932602522513,0.566486545562416,0.594798326202664,0.630436133895614,0.57095194710744,0.582807429503252,0.441448954839526,0.591450032571469,0.440807631867941,0.494993525908454,0.488923696543364,0.511458264328296,0.438373457180271,0.533697891123696,0.535561121411902,0.524654963311765,0.378870058943971,0.630972161137904,0.536472978243551,0.600391117058181,0.571373276880971,0.674835451469454,0.513264814723438,0.434945017432997,0.53137861026702,0.549687499191063,0.469468844280655,0.39795942662217,0.434298730494221,0.452221916843553,0.391273637450627,0.611933926027093,0.529304001096106,0.438710401031094,0.575881874141382,0.459941002455882,0.51639934228428,0.429681218658609,0.697969740366958,0.494798185222619,0.475141668432241,0.530261080994452,0.533644933902142,0.44688765918412,0.539943159542094,0.389725834029595,0.5734792135145,0.621264281087785,0.400918603049116,0.459850184107124,0.459725731638235,0.609693559656838,0.509299589963518,0.42721011083618,0.555710353722121,0.494057378697373,0.41446636275081,0.402785530717933,0.458118458201691,0.573801487815177,0.560465446026109,0.443136574994138,0.424215743235101,0.528332532501318,0.582659534488737,0.558634604447732,0.485689371684794,0.540111077520483,0.612373226309435,0.605715450135885,0.525773370464979,0.524743409532259,0.567510178681592,0.539602748820142,0.507279538923997,0.479493517855742,0.363122800937748
"IU_5",2020,0.477766794728617,0.602935037057972,0.458908584283385,0.628077577935288,0.598860871966083,0.496894373230103,0.461296139462556,0.522390984464382,0.466918429021777,0.365189451211569,0.599908715676096,0.469122086268219,0.399382350063447,0.570503118144318,0.477205015035114,0.530215820175913,0.514277949154317,0.423277575524443,0.537159166523007,0.53739221041039,0.557477584414731,0.598729340172283,0.733243368563194,0.5869741871238,0.360253110926909,0.529824310040838,0.63966807093921,0.574184356699609,0.650699826779737,0.662078539660572,0.439753926906177,0.549141187675368,0.463638013322602,0.57877207886608,0.655997489651914,0.575525646311944,0.593729654194492,0.606594915959901,0.525348252582553,0.433785031691306,0.520019373949826,0.716944810165552,0.415275059782886,0.544739134391538,0.317678586074368,0.503494069311855,0.556345484963217,0.597491602434859,0.658108337540973,0.429626071473275,0.403821550367009,0.41891874473686,0.461049635256007,0.498644278787693,0.501304323543362,0.562686036206756,0.583227821233187,0.487677694290012,0.575204482503405,0.639293306512994,0.603349222756845,0.479523118055566,0.622960158104564,0.508360016257026,0.322299664567725,0.43797058007914,0.505512417181393,0.410945770403059,0.424576782279778,0.540631225396803,0.594026717305884,0.54902141687826,0.655350662706273,0.444905292445954,0.532954862619676,0.622151207864765,0.489939635118355,0.43107280421162,0.490919258360256,0.626344474825899,0.590037332940768,0.388800140527754,0.495580486170156,0.533152164897321,0.528289453825047,0.453175287723366,0.542756617251768,0.571434892710792,0.547696703272827,0.521406662900519,0.436051251982898,0.332058064181023,0.508127701699915,0.487370064288312,0.466425896816636,0.581214086732395,0.62433702278179,0.613410421055927,0.473729810833722,0.467590842233848,0.633018047251924,0.531886529791435,0.489789628150798,0.568429910280759,0.594694130528603,0.499661409503228,0.419630347568578,0.681477711928901,0.567796114658653,0.335103292997787,0.473795480075334,0.510385646550028,0.604882200920195,0.414198473251724,0.483314962798275,0.436318585122921,0.656014634021754,0.546786917026243,0.430818932618759,0.49561152618327,0.562012111899102,0.560714537490638,0.62327039723989,0.491465172006325,0.500030045553088,0.471627910516613,0.491201670743863,0.484609209341081,0.477342648856856,0.580681451147869,0.430983193298209,0.423866882785637,0.51708105980058,0.547701752712567,0.517258321857542,0.435969832449703,0.569377895702709,0.44907755435928,0.46104603789755,0.72030921879702,0.583935397794995,0.638203041754658,0.417688813886413,0.617508101488927,0.560920097127271,0.544234601987772,0.414270663997533,0.476089861627811,0.531568629800884,0.58645537451327,0.479383491126796,0.533078998882764,0.437738665955583,0.482039245223525,0.562438229684783,0.510147623867415,0.589767771214518,0.513852648625953,0.397235426808125,0.586474580443362,0.584465403172468,0.499842398340525,0.556987387610111,0.421724696614319,0.508784249047846,0.478631045820593,0.582672454101638,0.499603968593744,0.485861071591902,0.609300449678531,0.52142348620106,0.556006454310367,0.451479041984793,0.497790019913354,0.521804121717968,0.42310576601028,0.537896229517947,0.516275967393407,0.522331119741563,0.510723404648318,0.481298488800373,0.444405439072272,0.496166416221243,0.503886981616324,0.53323034445447,0.422793775231854,0.471735371666687,0.551347545868198,0.491701459888162,0.59089082929837,0.557587571856522,0.591273795738889,0.483159591212774,0.509983495196145,0.590484020598276,0.542123272442768,0.456308007188999,0.612939464302626,0.607700555393588,0.526603080614914
"IU_6",2000,0.711566111520518,0.605943252773357,0.605163319520125,0.709356008152339,0.665981756017969,0.569942556439048,0.689170571961689,0.451282265746335,0.753082073444718,0.655904505067798,0.553779226090989,0.66210299683544,0.592063274827331,0.64295559704866,0.519080298063035,0.536971727229405,0.506477405331692,0.544355899176082,0.580279064405222,0.557886183216836,0.703373280503822,0.601877755690685,0.567789393832491,0.63874993333824,0.748403664472358,0.47488156265206,0.485646121122132,0.591697658444711,0.557167347938473,0.537476441957823,0.531103019015713,0.543275584284289,0.625157849457718,0.620969715316536,0.548734595808706,0.632065425474917,0.531051082006272,0.537296760858466,0.615470198116959,0.591230176130763,0.572055100599076,0.637137329645593,0.620367748099106,0.704344449640583,0.474034248243058,0.535333906819687,0.571553746956763,0.602993413083339,0.651844888174048,0.544133139020717,0.734614674573058,0.565438163135873,0.613946129589881,0.46886821432184,0.436393170471293,0.633666946668974,0.594569690919647,0.563479195552902,0.47983453658739,0.458981488186435,0.459844752777361,0.601927640144217,0.523854539877719,0.495403282282673,0.422039481121674,0.646987353449724,0.514115577878724,0.484427920372669,0.663103246227858,0.612937978699881,0.580143312228552,0.636635394332048,0.620969646782838,0.667605150603015,0.564439847352991,0.465760243984358,0.62219575139312,0.732127155298145,0.533058331380686,0.532315998207727,0.530844513554177,0.522049971397853,0.394506212325383,0.536301210390522,0.542106319425593,0.672786429329855,0.537625430070746,0.635922273883131,0.557169402833497,0.585572127556778,0.573389415687596,0.517197952462302,0.578999419859575,0.614962522981897,0.642007620723338,0.597968132077453,0.614427777515967,0.490326083656678,0.566470139672337,0.614804528026386,0.539414952954306,0.6166053510529,0.390734096120596,0.677825007568415,0.587491223082453,0.485934703944544,0.625911967242705,0.590972930365794,0.540428586544118,0.657871930279832,0.488141685021781,0.712790168609588,0.593460537477669,0.714901852722189,0.642555386798396,0.595840357974832,0.594163321645789,0.619506918597441,0.617441817960428,0.515015245485229,0.65143235009002,0.499607925237243,0.635126885485745,0.412626616731478,0.641009496350107,0.515113175249873,0.653451623290896,0.673685020282801,0.5745395217705,0.515346223958877,0.594527580809863,0.574979048099984,0.562638335815073,0.530083117989031,0.671807567196768,0.685516795290977,0.688111182649342,0.593535929145528,0.581745488612938,0.558010870592457,0.595986888580846,0.583404801454738,0.591810725049876,0.510443682187751,0.587068903100956,0.59498626604102,0.714549265412679,0.60631438509344,0.651231550637154,0.725169009612718,0.724613181971202,0.513436213269947,0.565819366318536,0.542215245434016,0.627721578704267,0.581712044427379,0.630575828367813,0.56282451299266,0.618031083854527,0.446261823580909,0.530660916247124,0.603654471374001,0.539219128372098,0.60781692921139,0.481220034698294,0.483529733150146,0.603700848140895,0.594428755885636,0.567705068785547,0.656093809884051,0.546129918818257,0.570398044741584,0.547399748822685,0.476824840124627,0.606631476666285,0.462938128753697,0.564128523433633,0.480341039479034,0.577170136025634,0.566671454153884,0.615876049548659,0.49653046194376,0.605886633307479,0.609552239163576,0.62565060612724,0.638164639024683,0.565294677466758,0.500036811887835,0.446239458734733,0.516079685285389,0.51424683801634,0.433897243161668,0.548227151731954,0.538274830456593,0.62430275123394,0.577312172679514,0.648663733826769,0.616179946179102,0.562443731887649,0.561092078306282
"IU_6",2010,0.618539468705136,0.539434314150334,0.477769933376757,0.57013866950891,0.652705517675521,0.59111220093709,0.545387080539166,0.525135716785281,0.625493776048688,0.50026040074844,0.606973081240925,0.626448087419474,0.556724517895702,0.67926935144103,0.382578651848799,0.489649244405589,0.599344132658256,0.683872040681725,0.648754290657528,0.581999569319111,0.621803900273987,0.47639615440339,0.47206644470653,0.592523329805789,0.552127498284028,0.649011823210823,0.634857458857934,0.609076052091284,0.510915846766069,0.519911378349925,0.610824984592132,0.482324577656704,0.6009920129058,0.456587514709609,0.431475423229517,0.500950974941393,0.562846003464739,0.557884113362337,0.615056629980419,0.669601233086464,0.623916860551892,0.586408536951915,0.694848888110203,0.594190070494745,0.377942080852451,0.658163987019985,0.683578509394503,0.624565576303603,0.485665021833604,0.642494973811091,0.443902473762298,0.679982252457592,0.599950807160149,0.624380505910093,0.620295528982945,0.620338138878999,0.683987681693195,0.517467495871508,0.427057653585423,0.654836851289378,0.609390674884141,0.711848917729138,0.627094067738865,0.544668970874301,0.638702303861473,0.552742459068224,0.583758666243664,0.655547932570371,0.726722791342036,0.637753957841817,0.627826858365862,0.65365170174181,0.511257997590634,0.517392431403174,0.488039944836578,0.612466940560132,0.5267081496424,0.539404453725656,0.430018901176777,0.554748040323525,0.548406773769596,0.618642569288008,0.564445991679357,0.508047450591985,0.530161636408729,0.527076867829434,0.561641786233995,0.607122567230434,0.568309324242213,0.604658804603909,0.519642060147693,0.522744473817092,0.610730944047805,0.561502001434987,0.616178116477715,0.667178173921645,0.610730905433608,0.633777347012364,0.594475696573636,0.624332696154359,0.565979575094349,0.6398056560623,0.571928693192825,0.641730389417467,0.645347075753789,0.66092215974217,0.504066710635753,0.64340991225632,0.508819921580509,0.524344039847044,0.604317228553211,0.515229788186083,0.568320670390809,0.482775746879721,0.64792038517176,0.462311220428792,0.459545400366842,0.557318582954802,0.610532238463757,0.715213988274997,0.525766745964201,0.632378226620331,0.451521720735163,0.569476929287494,0.594972354561725,0.487161961438506,0.627755703904565,0.599223645126401,0.566426422371783,0.630559084764852,0.54858585844047,0.495458335981334,0.701766532501299,0.575664703717956,0.523736337966976,0.658068535473416,0.476900268812676,0.595565730412076,0.533636285676478,0.685001134092663,0.477490545872242,0.603582027994778,0.640113579773285,0.445453725852428,0.664069685583517,0.526653027692699,0.445716976776723,0.607393081683258,0.570461348402305,0.485078868978402,0.506786131314638,0.628743725096178,0.555308276593677,0.397387235170794,0.57903416319184,0.654687448913996,0.492727906117357,0.558639338256423,0.658104418713878,0.573305085825195,0.702491859909668,0.629249699649052,0.635541805667323,0.577256886351414,0.515912004348969,0.512746778128249,0.66814913908631,0.579060881122558,0.59541934026822,0.678179259782659,0.58284502195792,0.419330939876184,0.680758069941064,0.51135327020793,0.533721221175782,0.495674577583048,0.635551503272832,0.677271056539476,0.425378336886703,0.606037452031732,0.552825140284751,0.590898991697024,0.482490010097903,0.552951667786922,0.565672170054651,0.503666373853647,0.500892577767981,0.547244717093113,0.479386440804319,0.524334699650065,0.53312548076412,0.611620267010211,0.495709827530853,0.607739639101403,0.641938644267779,0.570731853007367,0.57243438442677,0.64772763078066,0.627241965234141,0.619504764467009
"IU_6",2020,0.661037937569284,0.582862849828474,0.689886628638472,0.700605786205109,0.572674326033788,0.566305973515763,0.583818852768203,0.607025009282147,0.338660441800459,0.654686156672045,0.497583332716469,0.581922936556006,0.600129241084208,0.691884532756941,0.587017669967021,0.520573582023451,0.692174182414634,0.647198897847905,0.564692460917466,0.494969490380025,0.629825572921338,0.584977542423256,0.564219216243889,0.591588767106381,0.499965415414694,0.431457117490827,0.556575839317309,0.540862045780159,0.595407330656603,0.498685749607082,0.52783068846884,0.559582505378795,0.443264558313525,0.543642732657185,0.606498248433222,0.613204658977613,0.58769809572434,0.589805009022787,0.55961727620514,0.5040991130216,0.541854062443034,0.511998753677046,0.59645367227831,0.579475789531911,0.501976605733986,0.674620593270588,0.482488750274244,0.606920151167763,0.488771656228045,0.491418078274263,0.566328154383618,0.627564033468462,0.68822162557239,0.536885518880515,0.573587895707184,0.658634271545019,0.711278772534445,0.644900616809744,0.500477762202059,0.657408645977321,0.585490768127524,0.526460791500702,0.551296929657616,0.571100477424426,0.639296583590262,0.61465172102915,0.630284184564479,0.619344656613056,0.582799074775393,0.504216514410712,0.584859812301873,0.622252932163751,0.518250438839602,0.487492878343153,0.586013876420786,0.500616402946263,0.576250590912369,0.595935516336961,0.649269460638891,0.668206676714969,0.509670687636343,0.526775401392986,0.687301079235842,0.525058250883429,0.692799051429926,0.425828795864313,0.678778915984954,0.69022063023672,0.576061485613989,0.561164182786695,0.585406514270267,0.581359583782865,0.620998489017635,0.419507615967704,0.621304830189077,0.54962368229348,0.606073817351327,0.640253768767707,0.627396969116724,0.730903238226501,0.582579076435997,0.563891857379669,0.540073817084145,0.457419180514559,0.714957333497533,0.619570675749428,0.713484291379927,0.550701821674381,0.499899871142462,0.6044746601103,0.587066260109779,0.548271908055688,0.580237126685419,0.559443732394476,0.508362808816205,0.678877894670097,0.381944064226299,0.602906367823641,0.541294589112193,0.5803424794868,0.623410080282793,0.655928330622393,0.563406640918501,0.611582297468878,0.578406079162843,0.590070881191495,0.658408196504397,0.50993018500337,0.515659058048841,0.660936523915864,0.576663076259808,0.493378806789365,0.625596072269591,0.625745033374389,0.658661317529582,0.507463050684203,0.468572525598561,0.463379481692529,0.630957293111025,0.617986917266031,0.567205615278347,0.485182306842105,0.531054940563615,0.616545440690785,0.520307803155234,0.547703534419586,0.530864883241252,0.700243023322417,0.579318763731747,0.560098079940455,0.652475118705071,0.535940370351269,0.640274736736451,0.556949458318964,0.666969437874048,0.547204638778332,0.580791411177469,0.495192676674466,0.63554918608989,0.501544772515816,0.607864201025634,0.576977322949708,0.54534928424388,0.455243578769097,0.606680906460153,0.514258816367996,0.701106823762189,0.655515865486607,0.576240322951788,0.540679494468817,0.539176419450553,0.665310265496466,0.601412653675643,0.555580843552514,0.671381964728567,0.524980730482064,0.562423598128328,0.545765574435212,0.534086943101938,0.643750391235811,0.521872825393725,0.534640619064718,0.509550629686341,0.609205119091279,0.61001920825659,0.611980489963368,0.667858217815537,0.684627037370295,0.562284711832142,0.710176564134962,0.538480697105275,0.593112638851874,0.528646076656406,0.57391682232404,0.723822346304965,0.610598068851338,0.531033851684726,0.540054945522633,0.487210635741987,0.516260266183843
"IU_7",2000,0.687366895572563,0.650498128160504,0.509275091936221,0.589521721390883,0.599796206973818,0.57704406742349,0.663384407934627,0.484587787119015,0.6142499739168,0.51931464234252,0.682042128721832,0.7293755290994,0.630604737240472,0.731523925878928,0.568579903160533,0.683453261223729,0.646463221144068,0.611559389684556,0.626701910701511,0.612857607655496,0.577779398467693,0.699130478156911,0.589570090554213,0.713004158123556,0.653274442126307,0.620374059652208,0.744484779603399,0.616005096193019,0.540449689591853,0.585593768870386,0.670614597261088,0.559327550897584,0.646999389986775,0.487884290680229,0.60923601022052,0.626900507587914,0.53188757065024,0.589973845953011,0.658946755936266,0.503918697837986,0.702141326727982,0.682129806415734,0.652044855647373,0.597869963184172,0.620438181019667,0.588107340468976,0.560771769892365,0.637966970752638,0.792094170311939,0.710411190765085,0.554186031383193,0.603800076648062,0.596712303045918,0.578418811519144,0.652982063805307,0.661902925248889,0.613803625177568,0.646563358362243,0.583284664653215,0.718262558518115,0.729806048280251,0.530704003146244,0.587660920000586,0.61337944453506,0.626587797261634,0.550344507235443,0.658731977188646,0.569441366969818,0.447474683791566,0.52703088146414,0.56506911456258,0.566178835403115,0.56254678490318,0.660772635888821,0.531978837777345,0.62591916087801,0.612804405221392,0.574905661012818,0.621092155273625,0.668393606401746,0.629378909142375,0.576060633676455,0.57160529103347,0.552452996783498,0.5842245766528,0.631079390017486,0.595048059496154,0.60696969819065,0.564853891314917,0.629364472086282,0.567405476633643,0.673065663681325,0.562276318518172,0.617558511716864,0.631504151874817,0.665484297373735,0.393362613741174,0.575998803093338,0.600300591392784,0.575896121285739,0.724850938811668,0.624716151170816,0.687364701801549,0.701934783905939,0.666062778117567,0.666614098567068,0.589860957973821,0.64697083332507,0.693715107984044,0.647385528991714,0.540158778287668,0.667454401817134,0.701093384761141,0.505942631001424,0.536361501631354,0.60376533699525,0.770931946119996,0.545352057393696,0.77536222835699,0.67482844660071,0.555402672762266,0.700927840650122,0.580819785841092,0.557581665110967,0.667773083405901,0.592655091699961,0.563514773320579,0.658079361054477,0.598453212369245,0.704511385381423,0.590703616821433,0.685506326694306,0.607824361550886,0.642662313157594,0.682680036707725,0.451807203136642,0.599601573138397,0.483400546616887,0.628538473070723,0.680186111474006,0.649542668286663,0.609543175162307,0.636913704479782,0.646180562327121,0.533515765475387,0.688996506785375,0.554613946053647,0.609056879218977,0.688971669538481,0.532700482007522,0.631849188023127,0.680994973840642,0.729092224048834,0.474692506422356,0.616985029692944,0.459101019406909,0.589547093305646,0.69455707059616,0.577528733571139,0.640507954898026,0.540582502484996,0.642383705024414,0.516596700289321,0.542288109079801,0.63438549642424,0.563006502314242,0.663141996254612,0.57421211696295,0.678736595015764,0.63940384563577,0.637288529209951,0.660988550863261,0.748207281499894,0.581628651564553,0.526526051514226,0.581166945364205,0.564602651131682,0.600538571697999,0.545397261166876,0.617368292279573,0.725592637634624,0.626934319961644,0.625661227617673,0.665345948951043,0.565545071785845,0.6359813434076,0.669594073252754,0.630184390771419,0.503526488891702,0.614417588628735,0.701146531291401,0.546109955663209,0.5910680194145,0.589291141096123,0.59516702328675,0.590651243127968,0.638228085862469,0.574782341778108,0.704304956893812,0.507334737349971
"IU_7",2010,0.649584942261949,0.606366182590055,0.498864184643664,0.612498662455754,0.569450011944835,0.568333087286895,0.642032312298505,0.693277223463202,0.566777548230366,0.685813249651017,0.615880981315469,0.598068893225471,0.600047403904725,0.601696218068246,0.5933538010206,0.596970109241123,0.56591461655861,0.723960257349554,0.570138534840334,0.501285211112715,0.650228318343622,0.629960920373211,0.780741081156471,0.493765974420736,0.573950169326691,0.564304652308841,0.542167812038374,0.633721477402066,0.524448717196803,0.65805607005262,0.591360350890985,0.576688941574584,0.724236266897391,0.607060332555024,0.583676961840098,0.67897188997102,0.580553981519244,0.642994090303611,0.572997171295002,0.676581903025795,0.6519565007133,0.692261434914641,0.60626064681759,0.602192031813932,0.666630996703027,0.668957497054391,0.692707374605929,0.589713797368921,0.638527735027047,0.691497207284774,0.718451247851989,0.618234304927382,0.631471682022829,0.560082792201801,0.61899241332707,0.541762485582609,0.497829727441236,0.567277966341016,0.674322957961887,0.542001676272948,0.6252633369345,0.620000411462803,0.612770338243713,0.534384711561454,0.568801024999643,0.649576809726355,0.605533809274525,0.594213120159359,0.506312435715274,0.646783127871203,0.586046590978719,0.657273850279927,0.6260422735043,0.577067599202252,0.762159574589393,0.536496218350075,0.631643748434494,0.643609811880572,0.719970171733872,0.60735210407334,0.541272507390241,0.514802036082638,0.633153555640801,0.639047645284273,0.578159770558743,0.509180565656097,0.668588546974517,0.567047680739386,0.698659721055779,0.676461570478787,0.483894109473468,0.639194148259266,0.621126740035397,0.595640114198373,0.717987607273921,0.394395343771573,0.604197529391726,0.64814089571227,0.698425955015257,0.682440827712002,0.545827838545586,0.64465000171933,0.464029925145709,0.712406854643776,0.626575502942581,0.640659882240122,0.634135982466613,0.544833055366746,0.538893006495308,0.577233704627214,0.644647349496519,0.584452124549858,0.531632464718897,0.63658126632869,0.597806131213455,0.605902956656732,0.613004029783537,0.465580551932735,0.621924211642208,0.528987381499721,0.58535158525955,0.495513959256811,0.593387917581909,0.684550281264352,0.654732878700613,0.661658202018544,0.670516043336071,0.731790119113781,0.658176309375279,0.782583939362867,0.573688594730776,0.516072156006322,0.442921626901375,0.649798006752895,0.562205725492845,0.713805819759605,0.645348835459309,0.624384921242301,0.688059157516737,0.582763112213124,0.623524136531437,0.637989134346145,0.591415889567084,0.595741901758105,0.601831021944818,0.697241845553238,0.607397273183496,0.708133984559984,0.581731769027327,0.594941158458468,0.733034192756575,0.615768802108466,0.592273643872587,0.647154034587669,0.624647657763917,0.64403182850327,0.678956610166112,0.561138552893525,0.549189768525962,0.741437624276406,0.622283062964478,0.703536428457839,0.67081513708309,0.545265200666884,0.74269581725443,0.565694138225247,0.663352737536663,0.609136735668831,0.496048120830261,0.605663263773964,0.674355971010148,0.541880480577629,0.664451718028333,0.495083024865326,0.518148518467,0.581485406812158,0.592863496825536,0.636323882378136,0.50541374142032,0.609463536602966,0.673670370088169,0.652493965973909,0.613179478911375,0.676196046209987,0.628199287985377,0.63246580539537,0.683751096504219,0.567187454949111,0.614933962611399,0.492096980524586,0.62417467335365,0.615476099963474,0.529637851667955,0.627395235716708,0.57308417256537,0.619114184878729,0.590986523912982,0.578190177249471,0.638323080991282,0.680652229795663
"IU_7",2020,0.665691883867668,0.57113857381219,0.442277412354884,0.605164575119418,0.733528366397907,0.56648412230004,0.703766828609829,0.627074342522208,0.584059333697245,0.574372652204573,0.600036441937531,0.639938764776516,0.674402440684304,0.534953893894477,0.662623940912648,0.725359008380738,0.605927608013051,0.658899847260791,0.607805459883552,0.521671592079834,0.609078948095409,0.604365096278086,0.664264524809305,0.548541264462887,0.618016396751542,0.637766543602038,0.502408718774722,0.679608497528578,0.590077544121246,0.728140135081211,0.512352044235114,0.628336942099566,0.640103846269504,0.579499562777278,0.647512522598497,0.571238013572859,0.581053710366432,0.568451517154606,0.561050972049367,0.48279457783452,0.609308281494861,0.638834431858276,0.604086168120263,0.736500398141639,0.633983203812779,0.654879731404593,0.5847541634038,0.645361652016129,0.554553485949759,0.625497764456638,0.588612023106587,0.710550515513286,0.487589477241603,0.60030921865482,0.61842574989577,0.681536648859494,0.616938423797917,0.626250957661686,0.61192697252104,0.577944673018518,0.574161748703275,0.587047213913968,0.593944015080103,0.646812280292634,0.601009933537866,0.689594054551964,0.660008012109101,0.539901105404384,0.653217062406011,0.610969705575347,0.642955713719238,0.606204241677551,0.664924485555773,0.538411963362595,0.596805774850182,0.601948939041452,0.693626040226375,0.574278919801827,0.638823464021993,0.595741623296517,0.696345243493923,0.552877083644598,0.570699139657527,0.66141467448707,0.483381401443327,0.648775801129997,0.68799199648959,0.5383040566405,0.59601075738124,0.663298813750991,0.666453330472572,0.686478049804292,0.548821204892738,0.619478437173359,0.566754624732275,0.502218570491712,0.528506919186701,0.62418853610753,0.597517369724059,0.601977539750691,0.65712482316448,0.569171274220073,0.61879296706316,0.570677598022054,0.55999877196784,0.510688220280855,0.620670185731134,0.633167076111291,0.585281843231926,0.661659911538705,0.626582079756052,0.641949669018297,0.656108611334672,0.533604825521592,0.744701581588748,0.558899059617353,0.74989534180429,0.685488685702472,0.582986780320544,0.518546547882269,0.537196291894134,0.731566202001863,0.566639475113054,0.608746389067428,0.592716109667268,0.706051044204755,0.699463972783367,0.501962980637168,0.602911518046291,0.551239578778027,0.613621633820298,0.633958270278334,0.508394062580321,0.470021177695061,0.59194858118634,0.48253886631648,0.536766083364492,0.583677549830997,0.531666657816671,0.618643617039899,0.76562793902553,0.539858760534308,0.539831528270017,0.524152655671076,0.671711671140462,0.626908604674172,0.660853313875819,0.679127239524734,0.614190820745819,0.612069838125195,0.674225282809832,0.539155893246655,0.491461131423164,0.70515131650993,0.603964522527936,0.550628023015754,0.52011501962508,0.653857874457632,0.629854590011943,0.589130336582488,0.550495832276813,0.730023219270105,0.656383693886045,0.643693022582511,0.654044745268743,0.524250242069435,0.716517654568408,0.664505022639077,0.706055578319021,0.729783835554076,0.525755721415607,0.660021363746457,0.588975218043048,0.693325882820365,0.509353673499058,0.780747088425413,0.597221316406101,0.65407722666197,0.56158804718272,0.699038218224609,0.523849690912346,0.700696011535546,0.55080859269391,0.525760364225543,0.58502649068824,0.650064013586193,0.631109599528932,0.628332264178419,0.607145995657942,0.604845329240211,0.666288360323042,0.702578441877123,0.651182515021481,0.469065312737649,0.640212192683307,0.603653197966327,0.554922429829667,0.539674262530793,0.515476671451089,0.596951850874497
"IU_8",2000,0.599613133199248,0.623222663483667,0.62724728014767,0.714727774618877,0.607657877549718,0.756356140177464,0.611326464294326,0.672179683503096,0.598242673153184,0.70175675561646,0.656296549372072,0.691069285182085,0.558704741807147,0.726804442125887,0.74919748742171,0.702593800035631,0.582987439795444,0.70118221847417,0.620939324002473,0.753080297875726,0.659694862243748,0.69689485708729,0.677179780815714,0.619925993424485,0.604126942914635,0.628204846580158,0.765751497166088,0.600977265034453,0.675776949198607,0.561529840224533,0.620830170800983,0.68016191367009,0.615912051292405,0.722789878109017,0.653143666393446,0.720044180194087,0.746451054566333,0.63255717067876,0.631288687389101,0.587986781963564,0.617708351589477,0.648622624849337,0.642888934073643,0.582839406799296,0.717543320857159,0.712323268598644,0.721020293171684,0.578157081272537,0.597585255580401,0.594693978792365,0.731304256363439,0.637153427579097,0.566601477511602,0.704376169341896,0.607253885572662,0.671579985560084,0.551975072272729,0.60039941200812,0.605604540297585,0.680753047205434,0.783194734325533,0.66417762009243,0.665739769588893,0.674905211938318,0.67334582258025,0.6717315606315,0.739954662039731,0.699839046166028,0.689730778549861,0.626955171436217,0.530533569107098,0.692015680575235,0.673499208247599,0.719084099811877,0.611668616932967,0.654676493225998,0.611741368344756,0.666231428912724,0.695692342556827,0.625968001106591,0.656122721326098,0.651770072834423,0.71594810533769,0.687512483210022,0.60584197885259,0.572634192993214,0.689760910577625,0.714378786765121,0.657316757142722,0.579619135709921,0.69176922094278,0.762378877649187,0.496962558090435,0.55504137914805,0.64333711381072,0.762294588547776,0.681665962279543,0.737512814751094,0.600244357372866,0.672506756448314,0.75049483648865,0.665581281126761,0.503112242760186,0.774791389647162,0.73925627179443,0.718786760314527,0.56503313969829,0.680262390760117,0.65864604786082,0.593283861551757,0.703547606902283,0.621489891718464,0.623271481423185,0.6563112989417,0.532754708340322,0.684956275564399,0.650997021894461,0.714175395300393,0.677891708440778,0.757462598042448,0.630680103777964,0.744643632624183,0.715089824809124,0.652383217054121,0.780856378380264,0.693491221488432,0.675663902994559,0.727018799821304,0.664835433032337,0.585552358836107,0.632361250381644,0.669832118662237,0.671771244984266,0.773871501008797,0.68506295624591,0.638590555148766,0.622381325583864,0.694551501726216,0.56850583265034,0.553567746114382,0.643986550443063,0.739347007301908,0.72235565587094,0.625594652150143,0.616630377816377,0.623608120681418,0.548405108307877,0.650834283802528,0.724735875761985,0.552377052637717,0.710894374005273,0.640509545959997,0.609238504134986,0.658473305587462,0.61927248913348,0.651524476876484,0.72894273457223,0.695315251157728,0.696805588917273,0.59478759405868,0.55762410750914,0.779173165212409,0.637407423072202,0.572989044589685,0.697845767733412,0.64937244563701,0.636749691229807,0.757730848048238,0.602107175020385,0.770008977911363,0.555196967555253,0.560864209387469,0.737004977132088,0.736449328564955,0.604581882118472,0.627391644884852,0.65695596854817,0.706011621457251,0.640890298637151,0.661858692809198,0.645193355587936,0.544000046015148,0.679764655930465,0.706100114952905,0.685916225595912,0.669470118631401,0.694401265486737,0.624116861687906,0.538740144963646,0.614130240473009,0.666745049589633,0.752271972630591,0.718565528817168,0.733749580070093,0.653433344845174,0.474925039736798,0.74900012910821,0.666302178905641,0.675394117880179,0.688596024353618
"IU_8",2010,0.720025563230726,0.581279885523209,0.635147425616509,0.758298539683908,0.669990098675827,0.641110074068181,0.587415674086706,0.764630515915743,0.651382146633653,0.709659552307405,0.706494920768365,0.70008500874164,0.690720563707965,0.693062474874373,0.705330382768876,0.739022721765533,0.65909971004707,0.583595916117716,0.684164683562868,0.700522251058747,0.611000324454695,0.668773792921326,0.704275007994344,0.624368261102835,0.56546163527501,0.548207777385791,0.66936747774102,0.672508263610842,0.602642117601232,0.478664538859924,0.573553592272708,0.540670474878662,0.629322790440818,0.744087621715722,0.645972698659715,0.678350897931174,0.589543597091917,0.65104117100514,0.620255058376139,0.532489592588756,0.646748439023344,0.72192558324891,0.715570140000238,0.735904317135876,0.689199714969539,0.716762741933214,0.585661465125198,0.6797009918755,0.672254324562848,0.600382914200106,0.769817035004141,0.619257088723949,0.632861659617367,0.648303347861587,0.581349958436346,0.536299201878181,0.702391430139901,0.67026691102189,0.571057974211033,0.606910194159547,0.671115585235092,0.594663566613481,0.690974157815548,0.710645635113237,0.674970206463019,0.611526991273343,0.658127191161051,0.598010948819534,0.628954180607865,0.669488879414738,0.692786196502831,0.632636915347413,0.680375411851825,0.769728290062181,0.598940688190506,0.654757912574343,0.687428907173063,0.648431063315846,0.681836790726322,0.560081982765107,0.68232009974369,0.61698253131558,0.618096608330945,0.649922456269823,0.542200612825084,0.718499624682099,0.658265339863948,0.618660221729232,0.783844877145413,0.628912945541478,0.612042767655688,0.601610348157109,0.626343507174013,0.750581577453788,0.667924759140302,0.625558220585367,0.535827216107335,0.749427844196845,0.734662409101393,0.56709601839672,0.691332479832161,0.635095512340144,0.614042104470919,0.651100330941074,0.571896603950147,0.584960184581658,0.698748231420813,0.634433908080173,0.711972919120455,0.512729065621082,0.697468958393121,0.578583958598283,0.659503841441827,0.703085742543886,0.651855859944224,0.608240388203236,0.664387975049686,0.634130193323215,0.666232261207193,0.609079620943895,0.433813240361725,0.59071685017975,0.664606316279155,0.687996270500349,0.545027680267721,0.60453609594607,0.626053840668572,0.688384230122286,0.624306366298394,0.68674536103353,0.725201799414942,0.569951436283153,0.608119905926177,0.749922986624669,0.590243368023974,0.712876686872169,0.638196608517365,0.682611846481258,0.655302925735257,0.628588939336051,0.582033685617142,0.613335613813622,0.673205730099085,0.690648229827614,0.615429636664088,0.542796962333405,0.63643872409879,0.698421065429436,0.582110482799989,0.704828440511665,0.60812526979409,0.625034907955873,0.706699883286729,0.726204908223962,0.680155180525008,0.662119957250222,0.530475406041558,0.640829603496895,0.664940118577064,0.709226127724736,0.563100906158986,0.636046092531356,0.694742851333233,0.62710376104897,0.714605492398396,0.680206709163522,0.67541517113739,0.706722530997109,0.689752393725785,0.644383829986472,0.699818325182372,0.623582556324243,0.616812573351779,0.756322531548282,0.645828917541045,0.695864034473881,0.673971015248065,0.709802728217458,0.600617471767569,0.699050340881991,0.677320362267791,0.638565134679849,0.655366589138392,0.600318459541917,0.581647691555784,0.574852279961206,0.702420520817524,0.692519596661855,0.707505551785516,0.749201540930493,0.617842106430998,0.632852356222948,0.69660802797185,0.672394176746218,0.719288645087943,0.72852626763859,0.626607295375248,0.733917178036433,0.620817022119703,0.569781016377711
"IU_8",2020,0.554817375574896,0.731943075371217,0.684193082484218,0.675075786763327,0.666750303315516,0.601535196877968,0.571568389924057,0.607869996427914,0.639893414090478,0.652159638633725,0.733792768346161,0.656089597803072,0.61308586486194,0.61728136352427,0.613838301605349,0.734734663418416,0.610335368664974,0.621829068937195,0.632013239465904,0.62411118980282,0.729168976527003,0.68627893484009,0.685790427118023,0.577688975289459,0.499765798878134,0.592542473125861,0.67516689223706,0.665826177489481,0.579693723409225,0.664959266275488,0.676652690796215,0.729345269214497,0.59791486940179,0.645595936702238,0.643407585046991,0.657569003639583,0.593704487815193,0.584410599652151,0.735473129146542,0.656749355695932,0.69703257264867,0.612739993063061,0.548998980047586,0.545648528838732,0.746336045747667,0.651460665629523,0.569439826939549,0.619404030297671,0.687298713375958,0.739344175350214,0.578382048702843,0.698001922050297,0.500268677264894,0.578365753930037,0.723614002000958,0.64988884111739,0.597302016564811,0.624227129327999,0.577190704548193,0.707840136054344,0.624068710698205,0.647972036079381,0.681425729931253,0.446968752384134,0.707376739058858,0.64271630448452,0.660335312144036,0.613342659323803,0.777429167731708,0.593078219426238,0.680406070597137,0.640940838489554,0.58606437505042,0.667608006334261,0.701579392899993,0.547412082613709,0.710669552004665,0.588954958658917,0.677249993540216,0.548383870620792,0.685520062820346,0.635625454370685,0.706966595651628,0.756023893853514,0.583311753584727,0.572758267847038,0.611604775792593,0.512686905936096,0.685696377168102,0.641266154759107,0.791873727470077,0.724028464934419,0.64787915114693,0.517834740752096,0.6642771390483,0.651636682470541,0.652420464329514,0.700945142477367,0.628240471665835,0.617367027649338,0.520045043543235,0.635130363719909,0.644609793723416,0.580906110503164,0.627567587802561,0.701285287038877,0.567229393091192,0.633034404402612,0.691277225041825,0.730709875333293,0.63872932159388,0.687672189179719,0.669872935338496,0.646252897761601,0.639476849376414,0.749331223721811,0.698558830459433,0.614044445584885,0.665128913789385,0.653204497701595,0.655383058086351,0.643994372073565,0.637272373870336,0.623633494628719,0.575374734203724,0.70378650450838,0.654132777374455,0.547652525159373,0.656524779580386,0.710312747015114,0.646527890566022,0.587386939300268,0.638420419985854,0.684622423574885,0.647129253358705,0.681756468590299,0.673774028143309,0.535470400206655,0.775036122827041,0.621479506824247,0.596158527609991,0.701274076661767,0.659115016284716,0.625316756868563,0.705400190227763,0.709462260880488,0.556742941170662,0.697209659731794,0.681680034766004,0.705125353228639,0.693123296721252,0.606558830376439,0.655725454331515,0.556891331516215,0.689369017447719,0.735745760092972,0.570784666145682,0.529110443172403,0.668734459094217,0.525470947337415,0.720926804702043,0.570303591481253,0.69345992729743,0.6689714043565,0.62329471546767,0.746125796259311,0.58735322290993,0.635498326764025,0.644917442169539,0.585660802795847,0.670090558522095,0.562461264569635,0.659312338682618,0.695115928245382,0.630690615045875,0.681585294575074,0.564363163106336,0.644944400718839,0.519260707941008,0.63387277469184,0.620099879766277,0.62523740759845,0.573298949119995,0.620968392353679,0.667195518846932,0.614724094354513,0.679497692485873,0.478477176316359,0.701907625757444,0.65944299369024,0.789483424636844,0.689709999888135,0.63615816013187,0.723960135609848,0.709224218808615,0.642568060833617,0.636020880279176,0.588738680710137,0.67734502647965,0.630329563640131
"IU_9",2000,0.715488796801307,0.72910858881281,0.719585303454464,0.716193410192243,0.577460302941651,0.700267440163829,0.689348601623983,0.719047104145497,0.688042949848736,0.687955891447785,0.706702689883966,0.590269967208488,0.756524214502167,0.792352990278154,0.752528540654852,0.740095885118611,0.666034288607346,0.737202779678662,0.573465740621217,0.675937308305794,0.691186755626658,0.751310785238282,0.745160423698635,0.655883422663334,0.741184861556969,0.696323151928606,0.696048887731036,0.685449360468009,0.582927211099686,0.780087718404914,0.691885273287436,0.754953174693616,0.650456943227197,0.67933064105054,0.725217542394595,0.640920610107943,0.735773753997721,0.688242104502597,0.53190053893869,0.645012425187934,0.740808861708108,0.701427997659571,0.759027988223832,0.775937631731019,0.637248673122801,0.71081623809629,0.745326243582546,0.725345352824392,0.737699663954625,0.550780171832371,0.724158834095017,0.628922235054051,0.695853762001418,0.692985661038623,0.71041191804587,0.74771881343085,0.67509761800795,0.641466743239088,0.697856119560766,0.656194551664426,0.726654234680329,0.753005827396206,0.752179343981719,0.633427570493068,0.71835102818899,0.547040020848379,0.653829507279875,0.75950358515857,0.68380004362994,0.491623353869234,0.664905931108066,0.77422201194508,0.704175419722911,0.676848283775016,0.697073598237148,0.650141105461254,0.649642507662356,0.645273013036328,0.677867008516027,0.824900948186942,0.643610663961542,0.601586767060076,0.704989065449923,0.707126333621918,0.641784461668464,0.661701157516555,0.566634735267711,0.603403231376159,0.762076526134086,0.64554787646664,0.640671464875468,0.697431507764132,0.711267066341958,0.706739728795859,0.549790406287417,0.679072515505394,0.711361989825517,0.711316133773142,0.686629151849874,0.721088111762936,0.637407728516054,0.628144011666768,0.690491141319007,0.647803966934784,0.63827887386271,0.733257079160344,0.65027653291552,0.624571513678623,0.647313193975833,0.645627092795561,0.707271294871822,0.701703691752896,0.703582842288129,0.675845965846442,0.703176350926038,0.643854819943868,0.62309077546131,0.665831918414836,0.531971735775329,0.762893555404238,0.572677314996079,0.761030152466614,0.781917632573432,0.6010122135384,0.665903273424586,0.787236877277532,0.693958297145799,0.710854481657755,0.679277321486519,0.693904571243217,0.703006824878721,0.615724562058699,0.547883409065382,0.703262412156166,0.72625642816574,0.646390246267316,0.573410960724302,0.766438143162174,0.684507776320333,0.664064315079357,0.670651422016713,0.688443269520992,0.7070766144288,0.67008604188495,0.672165536074285,0.555436003562593,0.646334840437909,0.715954506804063,0.715365286924376,0.578387432391663,0.693585844466437,0.637954387699719,0.659910660719611,0.63830945524687,0.69960413694389,0.543843772038605,0.551272354556117,0.494751218407526,0.719075714993992,0.685193419868348,0.786079083400301,0.689207856018309,0.72753352065695,0.719411542850167,0.718742799786756,0.705507352549513,0.62251606994423,0.661908003108396,0.659515466504303,0.680013218608261,0.650454939906781,0.655768566479033,0.660011499475913,0.682427405282623,0.661589804880102,0.741184587834361,0.599053342909182,0.750274523848266,0.741702060728902,0.614982326972282,0.611665001896633,0.660897849907001,0.647681717688214,0.635851984170872,0.699424697043709,0.727192481401263,0.67560275000859,0.691514818567022,0.730549706434654,0.809569507727853,0.686497835571454,0.716299574973643,0.718488352796157,0.664823968375755,0.737881553562314,0.563035382735636,0.764947515207597,0.580269558739087,0.622439485936545,0.596769655326322
"IU_9",2010,0.713105688259454,0.691655723817244,0.637605040314071,0.646342712896616,0.549528636229292,0.722279849738587,0.748561857659791,0.565889964061746,0.669862785408799,0.646032892933969,0.613305029514894,0.713438848888607,0.647299720033704,0.737575335453353,0.676125093322029,0.632886985689853,0.711749151058512,0.689285817015628,0.707440075961643,0.66427945647833,0.699100449055397,0.76513098736864,0.652195176352165,0.669408781949876,0.654446468349519,0.751899586615068,0.655573157506466,0.724418940653644,0.614364646453243,0.652819765233199,0.600783642998014,0.705737090957032,0.612944266393889,0.680039824433804,0.692812528780283,0.74225705812896,0.565810445846302,0.69455371251722,0.646861126336008,0.6600611020291,0.679137694486893,0.70600067780995,0.640667840112409,0.63524105011455,0.683882212893777,0.6790794906562,0.633749461233773,0.693636935136203,0.714468186385905,0.664859459498693,0.705872674636826,0.802863145293564,0.752107362928982,0.604441865102396,0.708797290513113,0.570606906353384,0.600484398848938,0.690277890660881,0.622509691450347,0.693562911094485,0.722352143850627,0.652224109513896,0.629442960851786,0.732541848124363,0.743630141095099,0.790527229040251,0.724877300560154,0.716067053489977,0.679337113821626,0.764254575349873,0.67701227319465,0.593989648820838,0.574307255836741,0.686255889173595,0.697683170633065,0.644223184557407,0.657571771794525,0.706411541150257,0.725348319037955,0.58962879292031,0.649136654560361,0.692338545911467,0.673208342467205,0.735728681149218,0.727139654456419,0.69472443939432,0.712485915502496,0.61080509924077,0.648447358308197,0.674725056053459,0.494411115982546,0.624492400564068,0.705781406931207,0.664561892368098,0.713142098123613,0.820972363072474,0.688358269343848,0.700534582641515,0.660990506562852,0.641352299409859,0.594497761903077,0.73449919918027,0.677342398827225,0.649400443237745,0.703560874026071,0.751595959079259,0.709363472056014,0.70660306359899,0.689670639920143,0.722220445852887,0.721175584392421,0.669442574453919,0.689142232721453,0.795107569356298,0.565335118130425,0.681423547594385,0.637899313991241,0.714911234719572,0.721117633648939,0.673199289120147,0.655145322972543,0.578923749398702,0.740622415627075,0.727436706050364,0.724618715748394,0.710250681820471,0.728220116962919,0.692063104085185,0.678586093846046,0.633586914668364,0.578975093310166,0.715987310833566,0.809014599439584,0.666735415979747,0.726119144308379,0.619706607420101,0.74336436982423,0.69821198239585,0.695669111518059,0.658682480747627,0.680402440026481,0.758531067334099,0.719488122610793,0.755368357324163,0.742940087498263,0.701474402755676,0.707860571464004,0.764871479646381,0.701254370840825,0.730460996048588,0.738721612764518,0.778504103220691,0.73034116003572,0.718037675407257,0.691320362948585,0.722376220014294,0.724138440917039,0.643880569096856,0.70410976527239,0.679635345836638,0.678317854466571,0.612035719792115,0.733828725414176,0.687378075040267,0.701357668574942,0.66792650129308,0.655773702382309,0.663563292302464,0.768739743364326,0.72391986622276,0.533107868296994,0.622706551481502,0.677893446461241,0.581142742623373,0.658975839647059,0.563212577908155,0.689417009059506,0.636549742508246,0.58566113738228,0.606123716344638,0.666406352687652,0.698957850832498,0.688949990194602,0.716931391405992,0.759211315807574,0.745159367750424,0.691102173305919,0.779519376678234,0.63344070339451,0.554643442253448,0.743757956398792,0.626741691362053,0.628519094636676,0.70097636952487,0.65922380272205,0.614807027977203,0.637063632377153,0.609393997339796,0.675347739394364,0.702702938760904
"IU_9",2020,0.647594505594904,0.622420682383554,0.670680671633028,0.746678647875912,0.702167883143187,0.615109848546843,0.597680394053332,0.779851712121875,0.708563562851929,0.680283834523398,0.639638734377184,0.754226837999671,0.502465342876407,0.64416643884481,0.583663064064435,0.700538778766238,0.698828575355173,0.63802397659038,0.70916582715923,0.660967224376508,0.640721472343984,0.684900367836803,0.592110650305551,0.691660034918162,0.57180937166228,0.740129075231332,0.723359565902397,0.538478910421642,0.707744126092038,0.7150474681906,0.598537288044241,0.607754076013645,0.606838352114784,0.643101985669897,0.64106032009517,0.639341780394654,0.679686731124945,0.612236713458782,0.755538104126721,0.693712266119309,0.683771733138159,0.709914135287081,0.70714136731766,0.692769537875573,0.653677906317868,0.756149048981268,0.699363178413865,0.642516821792501,0.688972283257346,0.659855547151321,0.718172491380316,0.750616745875857,0.679517883150996,0.694703933521139,0.640048336764074,0.714287553259584,0.638410481340131,0.66481069419289,0.745928821699548,0.701463036588362,0.712720462873014,0.658629181551619,0.688775168841501,0.563462279346734,0.54337634035058,0.602516961231122,0.673836739623495,0.604215350068486,0.788242683009178,0.667803212223774,0.721731477280405,0.773233242250792,0.617317277150395,0.659899709315889,0.722609516862452,0.678449713237294,0.733709311869277,0.803364030844819,0.624460289400396,0.700333821080897,0.769877891015382,0.728834524239821,0.633916461326177,0.695703992264202,0.548205948534183,0.687408852699713,0.557175325255682,0.648705838645498,0.725988838389043,0.711601729415823,0.587933437348622,0.663158291480665,0.691216572784932,0.750945871164126,0.522971725756784,0.723387508746472,0.613208161706267,0.619345260594019,0.653469948345043,0.572910034449846,0.71936303830691,0.58370679554728,0.657292688856371,0.670492350228958,0.697634912078149,0.6584271859123,0.777245838673606,0.756461012653514,0.737923467789443,0.668102229219922,0.708047498045622,0.678712293869258,0.592786362642827,0.660733936643397,0.626727953870562,0.759107841045941,0.745512668279,0.703488048490548,0.707092690318601,0.693622682218954,0.610086368971232,0.558467720080852,0.658161253334472,0.680155309038185,0.679655680225875,0.72116242258813,0.608452916717308,0.688365497845261,0.620606989052695,0.719064187271018,0.593043725365755,0.731764732366785,0.605587169217832,0.794510208943471,0.730554681012555,0.71073360634733,0.663330049953901,0.714627284675618,0.714531359011762,0.696431189192427,0.589176234832656,0.69505514640318,0.682727611550216,0.694695222095942,0.631367055036407,0.607342639884113,0.728553444614379,0.757270009417895,0.718341924431943,0.567074669269964,0.636665703550167,0.660690125214066,0.722390376875319,0.571949544360637,0.757963386189354,0.711062759487479,0.726053634840134,0.732331500682338,0.69157029673944,0.673860335937579,0.730661365039109,0.738971065572452,0.730444538483253,0.69888836405806,0.633177533186916,0.671259440993438,0.661359404848307,0.668095216049853,0.618062788409119,0.678856625749092,0.761357633535922,0.793832078245188,0.664059494762999,0.601575278226254,0.631802012559434,0.726234014772406,0.778079122018749,0.80275257883164,0.553933656137386,0.640953505710002,0.690666057517404,0.75734404114085,0.705291623569617,0.671564158886693,0.744381877882247,0.599882231361395,0.730507104262053,0.721437492797144,0.600491782413032,0.699818185524726,0.65638558950202,0.721075675421938,0.694582703747541,0.747591958796051,0.664003484573681,0.802919259526869,0.570091461326698,0.63060311102821,0.685956833766698,0.659431482182739
